FrameNum,timeInfo,signal-track,signal-obj,appsum-track,avgbkg-track,stdbkg-track,nmaskpx-track,maxpx-track,xcentroid-track,ycentroid-track,appsum-obj,avgbkg-obj,stdbkg-obj,nmaskpx-obj,maxpx-obj,xcentroid-obj,ycentroid-obj
1401.00,[17:48:21.8008202],7009.00,-8542.00,563504.00,15040.40,358.28,-37,17552,221.00,273.00,1064096.00,28990.22,2079.95,-37,38704,187.00,128.00
1402.00,[17:48:21.8339216],6185.00,-8899.00,562720.00,15041.48,360.31,-37,18016,221.00,273.00,1063248.00,28976.96,2078.54,-37,39904,187.00,128.00
1403.00,[17:48:21.8670230],5370.00,-8948.00,561840.00,15039.73,305.92,-37,17104,221.00,273.00,1058752.00,28856.75,2038.57,-37,37968,187.00,128.00
1404.00,[17:48:21.9001243],8657.00,-11101.00,566560.00,15078.45,341.18,-37,17696,221.00,273.00,1060384.00,28959.05,2084.82,-37,37552,187.00,128.00
1405.00,[17:48:21.9332257],7629.00,-7424.00,563472.00,15022.79,327.23,-37,17232,221.00,273.00,1064016.00,28957.83,2109.99,-37,39152,187.00,128.00
1406.00,[17:48:21.9663271],6907.00,-9429.00,563472.00,15042.29,320.69,-37,17728,221.00,273.00,1063792.00,29005.97,2138.55,-37,39408,187.00,128.00
1407.00,[17:48:21.9994284],5387.00,-10546.00,560240.00,14996.03,299.83,-37,17488,221.00,273.00,1061024.00,28961.34,2151.77,-37,38144,187.00,128.00
1408.00,[17:48:22.0325309],7023.00,-7060.00,564976.00,15079.80,317.93,-37,17152,221.00,273.00,1062416.00,28904.75,2078.87,-37,39504,187.00,128.00
1409.00,[17:48:22.0656322],9661.00,-7240.00,567696.00,15082.03,328.98,-37,17216,221.00,273.00,1065024.00,28980.10,2187.87,-37,39840,187.00,128.00
1410.00,[17:48:22.0987336],9295.00,-8195.00,567024.00,15073.75,372.39,-37,17104,221.00,273.00,1063792.00,28972.61,2126.39,-37,39296,187.00,128.00
1411.00,[17:48:22.1318349],5570.00,-7961.00,561408.00,15022.66,338.82,-37,17152,221.00,273.00,1062064.00,28919.59,2084.93,-37,38672,187.00,128.00
1412.00,[17:48:22.1649363],7284.00,-11138.00,565232.00,15079.66,308.75,-37,18672,221.00,273.00,1058064.00,28897.36,2156.07,-37,39248,187.00,128.00
1413.00,[17:48:22.1980377],8554.00,-8630.00,565792.00,15060.47,331.83,-37,19264,221.00,273.00,1056032.00,28774.64,2039.87,-37,38208,187.00,128.00
1414.00,[17:48:22.2311390],9130.00,-8017.00,567184.00,15082.53,307.65,-37,17280,221.00,273.00,1056784.00,28778.39,2021.09,-37,38832,187.00,128.00
1415.00,[17:48:22.2642404],9136.00,-8708.00,564944.00,15021.85,354.78,-37,18720,221.00,273.00,1058688.00,28848.54,2016.25,-37,38128,187.00,128.00
1416.00,[17:48:22.2973418],7415.00,-11527.00,564208.00,15048.47,335.80,-37,17600,221.00,273.00,1056496.00,28865.48,2068.82,-37,37664,187.00,128.00
1417.00,[17:48:22.3304432],8922.00,-7916.00,565088.00,15031.52,322.84,-37,17024,221.00,273.00,1056736.00,28774.37,2037.64,-37,38608,187.00,128.00
1418.00,[17:48:22.3635446],6290.00,-12203.00,563760.00,15066.76,312.52,-37,17792,221.00,273.00,1054352.00,28825.82,2162.45,-37,37712,187.00,128.00
1419.00,[17:48:22.3966460],9341.00,-6683.00,566704.00,15063.86,361.94,-37,17232,221.00,273.00,1058320.00,28783.86,1988.46,-37,38144,187.00,128.00
1420.00,[17:48:22.4297474],6522.00,-9827.00,564688.00,15085.58,331.74,-37,16800,221.00,273.00,1059024.00,28887.86,2127.77,-37,38816,187.00,128.00
1421.00,[17:48:22.4628488],8551.00,-7572.00,567712.00,15112.47,347.49,-37,18480,221.00,273.00,1060320.00,28861.95,2052.36,-37,39312,187.00,128.00
1422.00,[17:48:22.4959502],4630.00,-6870.00,564304.00,15126.32,308.14,-37,17696,221.00,273.00,1065312.00,28977.90,2118.58,-37,39216,187.00,128.00
1423.00,[17:48:22.5290516],7934.00,-7372.00,565872.00,15079.39,332.64,-37,18608,221.00,273.00,1061760.00,28895.45,2030.80,-37,39008,187.00,128.00
1424.00,[17:48:22.5621530],9611.00,-8561.00,567360.00,15074.29,304.63,-37,19360,221.00,273.00,1062864.00,28957.42,2059.36,-37,38688,187.00,128.00
1425.00,[17:48:22.5952544],8386.00,-5305.00,567408.00,15108.71,355.80,-37,18368,221.00,273.00,1064272.00,28907.49,2037.45,-37,39520,187.00,128.00
1426.00,[17:48:22.6283558],7147.00,-4753.00,564896.00,15074.29,323.28,-37,18528,221.00,273.00,1069296.00,29028.34,2087.74,-37,38640,187.00,128.00
1427.00,[17:48:22.6614573],7667.00,-11240.00,566928.00,15115.16,285.47,-37,18480,221.00,273.00,1063712.00,29052.75,2138.88,-37,39584,187.00,128.00
1428.00,[17:48:22.6945587],7901.00,-12390.00,566928.00,15108.84,349.54,-37,18608,221.00,273.00,1065936.00,29143.93,2253.84,-37,38880,187.00,128.00
1429.00,[17:48:22.7276601],7130.00,-7185.00,566640.00,15121.88,313.61,-37,18128,221.00,273.00,1069392.00,29096.68,2085.23,-37,39312,187.00,128.00
1430.00,[17:48:22.7607616],7329.00,-9151.00,565600.00,15088.40,309.03,-37,19520,221.00,273.00,1068480.00,29125.15,2169.67,-37,40176,187.00,128.00
1431.00,[17:48:22.7938630],6991.00,-6640.00,565680.00,15099.70,285.82,-37,17840,221.00,273.00,1068528.00,29058.60,2060.06,-37,39536,187.00,128.00
1432.00,[17:48:22.8269645],8076.00,-5100.00,566192.00,15084.20,302.60,-37,19104,221.00,273.00,1071712.00,29103.03,2053.61,-37,39824,187.00,128.00
1433.00,[17:48:22.8600659],6433.00,-8373.00,567584.00,15166.25,324.54,-37,18752,221.00,273.00,1069264.00,29125.33,2096.46,-37,40560,187.00,128.00
1434.00,[17:48:22.8931674],8406.00,-9975.00,568896.00,15148.37,304.67,-37,18752,221.00,273.00,1066336.00,29089.49,2227.38,-37,40064,187.00,128.00
1435.00,[17:48:22.9262688],8599.00,-10788.00,569504.00,15159.59,326.28,-37,18848,221.00,273.00,1067008.00,29129.63,2117.22,-37,38928,187.00,128.00
1436.00,[17:48:22.9593703],5228.00,-9060.00,565280.00,15136.53,362.32,-37,18176,221.00,273.00,1070592.00,29179.80,2137.05,-37,39504,187.00,128.00
1437.00,[17:48:22.9924718],5529.00,-9692.00,565616.00,15137.49,331.13,-37,17424,221.00,273.00,1069840.00,29176.54,2194.98,-37,39568,187.00,128.00
1438.00,[17:48:23.0255745],6756.00,-6415.00,567584.00,15157.51,342.77,-37,17232,221.00,273.00,1070256.00,29099.21,2094.89,-37,39760,187.00,128.00
1439.00,[17:48:23.0586760],8733.00,-8132.00,570240.00,15175.87,370.88,-37,18560,221.00,273.00,1071872.00,29189.29,2136.00,-37,39296,187.00,128.00
1440.00,[17:48:23.0917775],7903.00,-7884.00,569616.00,15181.42,330.47,-37,17760,221.00,273.00,1068512.00,29091.80,2125.17,-37,39536,187.00,128.00
1441.00,[17:48:23.1248790],5330.00,-3424.00,565312.00,15134.66,299.67,-37,17296,221.00,273.00,1071408.00,29049.52,2054.53,-37,38928,187.00,128.00
1442.00,[17:48:23.1579805],7327.00,-8979.00,567280.00,15133.87,331.31,-37,17952,221.00,273.00,1066896.00,29077.69,2118.96,-37,38832,187.00,128.00
1443.00,[17:48:23.1910820],5225.00,-11518.00,565104.00,15131.87,309.35,-37,17824,221.00,273.00,1064848.00,29090.98,2160.09,-37,39360,187.00,128.00
1444.00,[17:48:23.2241835],10976.00,-9538.00,568464.00,15067.25,302.64,-37,18928,221.00,273.00,1066256.00,29075.53,2150.68,-37,39088,187.00,128.00
1445.00,[17:48:23.2572850],8057.00,-8712.00,568656.00,15151.33,321.97,-37,19248,221.00,273.00,1065648.00,29036.75,2106.89,-37,39856,187.00,128.00
1446.00,[17:48:23.2903865],10511.00,-5873.00,571120.00,15151.60,327.98,-37,19440,221.00,273.00,1063248.00,28895.17,1856.70,-37,39312,187.00,128.00
1447.00,[17:48:23.3234880],7845.00,-8063.00,569728.00,15186.02,368.99,-37,19008,221.00,273.00,1065920.00,29026.58,2098.58,-37,38432,187.00,128.00
1448.00,[17:48:23.3565896],9589.00,-8680.00,569536.00,15133.69,309.55,-37,18000,221.00,273.00,1062400.00,28948.10,1956.52,-37,38496,187.00,128.00
1449.00,[17:48:23.3896911],4911.00,-6763.00,565328.00,15146.40,323.46,-37,17040,221.00,273.00,1063360.00,28922.26,2033.98,-37,39184,187.00,128.00
1450.00,[17:48:23.4227926],8505.00,-7871.00,569104.00,15151.32,343.12,-37,17568,221.00,273.00,1062192.00,28920.62,2011.38,-37,38320,187.00,128.00
1451.00,[17:48:23.4558941],9334.00,-10412.00,570176.00,15157.88,326.48,-37,18144,221.00,273.00,1062096.00,28986.71,2134.86,-37,38608,187.00,128.00
1452.00,[17:48:23.4889957],9718.00,-12144.00,571312.00,15178.22,352.10,-37,18752,221.00,273.00,1061744.00,29024.00,2138.76,-37,39584,187.00,128.00
1453.00,[17:48:23.5220972],5708.00,-7242.00,566352.00,15152.54,359.74,-37,18032,221.00,273.00,1065776.00,29000.48,2057.22,-37,39232,187.00,128.00
1454.00,[17:48:23.5551988],9341.00,-7494.00,572272.00,15214.36,296.65,-37,18016,221.00,273.00,1068336.00,29076.47,2107.25,-37,39456,187.00,128.00
1455.00,[17:48:23.5883003],7725.00,-7866.00,569424.00,15181.04,311.95,-37,17968,221.00,273.00,1064560.00,28984.48,2051.26,-37,39024,187.00,128.00
1456.00,[17:48:23.6214019],10606.00,-7209.00,571280.00,15153.34,337.20,-37,19232,221.00,273.00,1066704.00,29024.68,2034.61,-37,39440,187.00,128.00
1457.00,[17:48:23.6545035],6313.00,-8753.00,568544.00,15195.43,296.68,-37,18976,221.00,273.00,1067904.00,29098.85,2163.10,-37,39920,187.00,128.00
1458.00,[17:48:23.6876050],7371.00,-11603.00,569440.00,15191.05,323.94,-37,18464,221.00,273.00,1062320.00,29024.95,2109.04,-37,38992,187.00,128.00
1459.00,[17:48:23.7207066],10728.00,-9628.00,573312.00,15204.97,366.86,-37,18608,221.00,273.00,1070416.00,29190.37,2190.14,-37,39568,187.00,128.00
1460.00,[17:48:23.7538082],8928.00,-7982.00,569136.00,15140.75,343.34,-37,18032,221.00,273.00,1071600.00,29177.90,2261.87,-37,40320,187.00,128.00
1461.00,[17:48:23.7869098],6941.00,-10149.00,569152.00,15194.89,330.00,-37,17072,221.00,273.00,1065520.00,29072.14,2102.65,-37,39344,187.00,128.00
1462.00,[17:48:23.8200114],6946.00,-8378.00,567888.00,15160.61,322.41,-37,17680,221.00,273.00,1066704.00,29056.27,2088.72,-37,39584,187.00,128.00
1463.00,[17:48:23.8531129],8161.00,-6696.00,570944.00,15210.35,337.27,-37,18592,221.00,273.00,1073168.00,29185.50,2104.39,-37,40256,187.00,128.00
1464.00,[17:48:23.8862145],4696.00,-7493.00,566016.00,15170.82,309.83,-37,18128,221.00,273.00,1070800.00,29143.05,2125.13,-37,38400,187.00,128.00
1465.00,[17:48:23.9193161],6368.00,-12507.00,568544.00,15193.95,352.43,-37,18416,221.00,273.00,1069520.00,29243.97,2198.96,-37,38848,187.00,128.00
1466.00,[17:48:23.9524178],8253.00,-7630.00,571008.00,15209.60,368.92,-37,18944,221.00,273.00,1072208.00,29184.81,2144.71,-37,39024,187.00,128.00
1467.00,[17:48:23.9855194],7035.00,-6343.00,568976.00,15187.60,333.35,-37,19232,221.00,273.00,1075040.00,29226.58,2117.03,-37,39744,187.00,128.00
1468.00,[17:48:24.0186182],6385.00,-9289.00,567552.00,15166.67,353.07,-37,19616,221.00,273.00,1066992.00,29088.68,2087.99,-37,39072,187.00,128.00
1469.00,[17:48:24.0517198],8837.00,-9219.00,570864.00,15189.92,335.36,-37,20320,221.00,273.00,1067248.00,29093.69,2136.09,-37,39232,187.00,128.00
1470.00,[17:48:24.0848214],8830.00,-6243.00,570320.00,15175.39,348.20,-37,18880,221.00,273.00,1068672.00,29051.76,2011.67,-37,38688,187.00,128.00
1471.00,[17:48:24.1179230],7496.00,-6684.00,570528.00,15217.08,352.62,-37,18576,221.00,273.00,1068864.00,29068.85,2101.09,-37,39280,187.00,128.00
1472.00,[17:48:24.1510246],9311.00,-7359.00,570432.00,15165.45,351.21,-37,18848,221.00,273.00,1070528.00,29132.07,2143.97,-37,39664,187.00,128.00
1473.00,[17:48:24.1841262],7692.00,-9160.00,569520.00,15184.53,331.63,-37,18672,221.00,273.00,1068576.00,29128.00,2166.80,-37,39136,187.00,128.00
1474.00,[17:48:24.2172278],7575.00,-5842.00,569776.00,15194.62,348.25,-37,18544,221.00,273.00,1067056.00,28997.24,1993.82,-37,39200,187.00,128.00
1475.00,[17:48:24.2503294],9529.00,-4168.00,569888.00,15144.83,290.12,-37,18512,221.00,273.00,1071200.00,29064.00,1971.57,-37,39536,187.00,128.00
1476.00,[17:48:24.2834310],10195.00,-9635.00,571680.00,15175.26,308.03,-37,19088,221.00,273.00,1069792.00,29173.69,2147.42,-37,38896,187.00,128.00
1477.00,[17:48:24.3165325],10345.00,-5288.00,571200.00,15158.24,344.32,-37,18768,221.00,273.00,1069008.00,29035.03,2007.52,-37,39328,187.00,128.00
1478.00,[17:48:24.3496341],6407.00,-10116.00,566992.00,15150.93,359.80,-37,18416,221.00,273.00,1069712.00,29184.55,2092.98,-37,40144,187.00,128.00
1479.00,[17:48:24.3827357],7379.00,-7300.00,566784.00,15119.05,339.14,-37,19216,221.00,273.00,1071456.00,29155.56,2133.81,-37,40144,187.00,128.00
1480.00,[17:48:24.4158373],6814.00,-4989.00,567632.00,15157.24,303.80,-37,18304,221.00,273.00,1074384.00,29172.24,2035.40,-37,39904,187.00,128.00
1481.00,[17:48:24.4489388],8674.00,-7914.00,568432.00,15128.61,317.25,-37,17664,221.00,273.00,1072320.00,29195.53,2129.10,-37,38640,187.00,128.00
1482.00,[17:48:24.4820404],5908.00,-7149.00,566592.00,15153.61,322.51,-37,18048,221.00,273.00,1070544.00,29126.84,2100.94,-37,38784,187.00,128.00
1483.00,[17:48:24.5151419],7476.00,-11499.00,569408.00,15187.36,308.85,-37,17584,221.00,273.00,1069584.00,29218.46,2122.65,-37,39680,187.00,128.00
1484.00,[17:48:24.5482435],7309.00,-6398.00,568736.00,15173.69,334.00,-37,18096,221.00,273.00,1077008.00,29281.23,2064.73,-37,40176,187.00,128.00
1485.00,[17:48:24.5813450],4074.00,-7674.00,565424.00,15171.63,344.98,-37,16720,221.00,273.00,1076048.00,29289.79,2080.33,-37,40864,187.00,128.00
1486.00,[17:48:24.6144465],7934.00,-8776.00,570608.00,15207.39,338.20,-37,17440,221.00,273.00,1077296.00,29353.30,2186.81,-37,40528,187.00,128.00
1487.00,[17:48:24.6475481],10118.00,-3904.00,570944.00,15157.47,328.13,-37,17856,221.00,273.00,1079344.00,29276.97,2020.88,-37,41024,187.00,128.00
1488.00,[17:48:24.6806496],7850.00,-11192.00,570912.00,15217.90,309.63,-37,18000,221.00,273.00,1076688.00,29402.17,2282.86,-37,40320,187.00,128.00
1489.00,[17:48:24.7137511],10940.00,-11810.00,574656.00,15235.56,310.25,-37,18896,221.00,273.00,1076416.00,29411.53,2213.61,-37,40272,187.00,128.00
1490.00,[17:48:24.7468526],10041.00,-6161.00,572928.00,15213.15,322.60,-37,18640,221.00,273.00,1080016.00,29356.14,2096.73,-37,41008,187.00,128.00
1491.00,[17:48:24.7799541],7533.00,-4678.00,569968.00,15200.94,309.43,-37,18832,221.00,273.00,1079856.00,29311.72,2127.38,-37,40368,187.00,128.00
1492.00,[17:48:24.8130556],5321.00,-13360.00,567632.00,15197.60,337.37,-37,18496,221.00,273.00,1073632.00,29378.17,2236.72,-37,40688,187.00,128.00
1493.00,[17:48:24.8461571],6423.00,-6402.00,569296.00,15212.77,330.27,-37,18016,221.00,273.00,1077504.00,29294.77,2097.18,-37,40720,187.00,128.00
1494.00,[17:48:24.8792586],8666.00,-10225.00,571280.00,15205.78,342.17,-37,18112,221.00,273.00,1076000.00,29357.42,2233.27,-37,40528,187.00,128.00
1495.00,[17:48:24.9123601],6775.00,-5575.00,569920.00,15220.13,354.97,-37,18272,221.00,273.00,1076336.00,29240.83,2031.41,-37,39424,187.00,128.00
1496.00,[17:48:24.9454616],6296.00,-7472.00,568512.00,15195.03,327.09,-37,17824,221.00,273.00,1076816.00,29305.08,2198.77,-37,39984,187.00,128.00
1497.00,[17:48:24.9785631],7315.00,-11395.00,570800.00,15229.33,349.73,-37,18160,221.00,273.00,1072512.00,29294.78,2182.28,-37,39408,187.00,128.00
1498.00,[17:48:25.0116617],3914.00,-9296.00,566832.00,15214.00,344.83,-37,17808,221.00,273.00,1070912.00,29194.80,2085.13,-37,39280,187.00,128.00
1499.00,[17:48:25.0447631],5716.00,-5976.00,567840.00,15192.53,307.02,-37,18672,221.00,273.00,1078016.00,29297.08,2187.40,-37,39424,187.00,128.00
1500.00,[17:48:25.0778646],6569.00,-10447.00,569216.00,15206.67,322.80,-37,18800,221.00,273.00,1073440.00,29294.24,2217.06,-37,40320,187.00,128.00
1501.00,[17:48:25.1109661],7780.00,-8312.00,570560.00,15210.27,368.83,-37,18032,221.00,273.00,1071248.00,29177.30,2095.59,-37,40160,187.00,128.00
1502.00,[17:48:25.1440675],6996.00,-11373.00,569600.00,15205.51,295.01,-37,18352,221.00,273.00,1071360.00,29263.05,2168.25,-37,39680,187.00,128.00
1503.00,[17:48:25.1771690],12437.00,-12405.00,574464.00,15189.92,346.22,-37,19696,221.00,273.00,1067696.00,29191.93,2175.24,-37,39936,187.00,128.00
1504.00,[17:48:25.2102704],8078.00,-7017.00,570960.00,15213.02,327.82,-37,18432,221.00,273.00,1073808.00,29211.49,2079.38,-37,40512,187.00,128.00
1505.00,[17:48:25.2433719],5011.00,-10477.00,567792.00,15210.31,287.87,-37,16880,221.00,273.00,1069968.00,29201.22,2149.39,-37,40112,187.00,128.00
1506.00,[17:48:25.2764733],6975.00,-9903.00,569952.00,15215.60,345.79,-37,18192,221.00,273.00,1070512.00,29200.41,2123.87,-37,38144,187.00,128.00
1507.00,[17:48:25.3095748],9049.00,-5866.00,572688.00,15233.48,331.20,-37,18832,221.00,273.00,1072672.00,29149.68,2019.48,-37,38064,187.00,128.00
1508.00,[17:48:25.3426762],7692.00,-9921.00,570704.00,15216.54,355.57,-37,20400,221.00,273.00,1070128.00,29190.51,2107.28,-37,38864,187.00,128.00
1509.00,[17:48:25.3757776],8482.00,-7125.00,570512.00,15190.00,345.18,-37,19856,221.00,273.00,1071088.00,29140.88,2075.04,-37,38128,187.00,128.00
1510.00,[17:48:25.4088791],7319.00,-11545.00,569072.00,15182.52,324.08,-37,19136,221.00,273.00,1066000.00,29122.85,2112.94,-37,39056,187.00,128.00
1511.00,[17:48:25.4419805],7598.00,-8918.00,570496.00,15213.47,325.59,-37,19472,221.00,273.00,1072912.00,29238.64,2197.91,-37,39760,187.00,128.00
1512.00,[17:48:25.4750819],5472.00,-11674.00,568400.00,15214.27,324.95,-37,19184,221.00,273.00,1070592.00,29250.44,2181.73,-37,40096,187.00,128.00
1513.00,[17:48:25.5081833],5628.00,-3280.00,568832.00,15221.73,354.60,-37,17280,221.00,273.00,1080384.00,29288.21,2156.77,-37,40160,187.00,128.00
1514.00,[17:48:25.5412847],9755.00,-10868.00,572832.00,15218.31,348.82,-37,17536,221.00,273.00,1071072.00,29241.63,2179.84,-37,39408,187.00,128.00
1515.00,[17:48:25.5743861],4475.00,-8569.00,564576.00,15137.87,324.88,-37,17088,221.00,273.00,1071936.00,29202.85,2138.37,-37,39424,187.00,128.00
1516.00,[17:48:25.6074875],6657.00,-11291.00,569808.00,15220.30,289.40,-37,18896,221.00,273.00,1071984.00,29277.69,2171.51,-37,39840,187.00,128.00
1517.00,[17:48:25.6405889],7442.00,-7189.00,570320.00,15212.91,351.57,-37,17936,221.00,273.00,1068720.00,29078.62,2042.52,-37,40080,187.00,128.00
1518.00,[17:48:25.6736903],7903.00,-8626.00,570512.00,15205.65,341.02,-37,18368,221.00,273.00,1073424.00,29244.58,2120.08,-37,40544,187.00,128.00
1519.00,[17:48:25.7067917],4851.00,-7004.00,567952.00,15218.93,363.60,-37,17600,221.00,273.00,1075408.00,29254.37,2110.15,-37,39680,187.00,128.00
1520.00,[17:48:25.7398931],7583.00,-8008.00,570560.00,15215.60,329.65,-37,18208,221.00,273.00,1076288.00,29305.30,2146.35,-37,40416,187.00,128.00
1521.00,[17:48:25.7729945],6150.00,-3528.00,568096.00,15187.73,343.15,-37,18768,221.00,273.00,1077680.00,29221.84,1984.01,-37,40320,187.00,128.00
1522.00,[17:48:25.8060959],6369.00,-9981.00,567856.00,15175.33,338.96,-37,18064,221.00,273.00,1076496.00,29364.24,2265.83,-37,41232,187.00,128.00
1523.00,[17:48:25.8391972],6634.00,-6435.00,568576.00,15187.63,266.88,-37,18592,221.00,273.00,1082192.00,29422.36,2280.13,-37,40992,187.00,128.00
1524.00,[17:48:25.8722986],4744.00,-10347.00,566880.00,15192.87,308.98,-37,17808,221.00,273.00,1078672.00,29432.95,2221.76,-37,39872,187.00,128.00
1525.00,[17:48:25.9054000],4942.00,-4364.00,567616.00,15207.39,347.13,-37,18144,221.00,273.00,1078384.00,29263.45,2092.13,-37,39584,187.00,128.00
1526.00,[17:48:25.9385013],3874.00,-12438.00,565968.00,15191.73,366.29,-37,17056,221.00,273.00,1073056.00,29337.68,2314.34,-37,40128,187.00,128.00
1527.00,[17:48:25.9716027],9303.00,-8368.00,570544.00,15168.68,329.40,-37,17136,221.00,273.00,1074592.00,29269.20,2161.59,-37,40448,187.00,128.00
1528.00,[17:48:26.0047052],8158.00,-7369.00,569248.00,15164.58,317.77,-37,17536,221.00,273.00,1073488.00,29212.34,2067.57,-37,39120,187.00,128.00
1529.00,[17:48:26.0378066],6696.00,-13500.00,567424.00,15154.82,314.75,-37,18304,221.00,273.00,1070800.00,29305.41,2304.84,-37,39024,187.00,128.00
1530.00,[17:48:26.0709079],6737.00,-12299.00,567456.00,15154.55,323.98,-37,18976,221.00,273.00,1071472.00,29291.12,2179.34,-37,40272,187.00,128.00
1531.00,[17:48:26.1040093],12304.00,-12531.00,572336.00,15136.00,315.28,-37,18544,221.00,273.00,1070352.00,29267.12,2188.92,-37,39680,187.00,128.00
1532.00,[17:48:26.1371106],7789.00,-10855.00,569360.00,15177.60,329.74,-37,19120,221.00,273.00,1077216.00,29407.32,2150.12,-37,40400,187.00,128.00
1533.00,[17:48:26.1702120],9376.00,-6894.00,570448.00,15164.10,318.92,-37,19072,221.00,273.00,1081248.00,29409.23,2191.76,-37,40016,187.00,128.00
1534.00,[17:48:26.2033134],6071.00,-9569.00,565792.00,15127.59,303.60,-37,17824,221.00,273.00,1080208.00,29453.42,2196.63,-37,41504,187.00,128.00
1535.00,[17:48:26.2364148],9716.00,-4343.00,571584.00,15185.61,340.21,-37,18256,221.00,273.00,1078144.00,29256.41,2012.49,-37,40448,187.00,128.00
1536.00,[17:48:26.2695161],5453.00,-11309.00,565744.00,15142.99,329.61,-37,17760,221.00,273.00,1073792.00,29327.04,2112.96,-37,39696,187.00,128.00
1537.00,[17:48:26.3026175],7248.00,-6744.00,567360.00,15138.15,319.93,-37,18400,221.00,273.00,1076064.00,29265.09,2088.32,-37,40480,187.00,128.00
1538.00,[17:48:26.3357189],7218.00,-9518.00,567536.00,15143.73,356.71,-37,17744,221.00,273.00,1076576.00,29353.90,2150.24,-37,40736,187.00,128.00
1539.00,[17:48:26.3688203],10539.00,-11300.00,572208.00,15180.24,368.08,-37,19248,221.00,273.00,1072976.00,29304.75,2183.44,-37,40944,187.00,128.00
1540.00,[17:48:26.4019217],7506.00,-9901.00,567888.00,15145.47,369.33,-37,18752,221.00,273.00,1082400.00,29521.64,2263.64,-37,41520,187.00,128.00
1541.00,[17:48:26.4350231],7337.00,-9169.00,567344.00,15135.33,346.94,-37,18048,221.00,273.00,1081568.00,29479.38,2287.83,-37,41808,187.00,128.00
1542.00,[17:48:26.4681245],6049.00,-7759.00,566816.00,15155.87,341.73,-37,17120,221.00,273.00,1080944.00,29424.41,2114.85,-37,41888,187.00,128.00
1543.00,[17:48:26.5012259],5836.00,-9983.00,567200.00,15172.00,321.13,-37,18672,221.00,273.00,1080688.00,29477.61,2319.57,-37,42032,187.00,128.00
1544.00,[17:48:26.5343273],9674.00,-10831.00,570432.00,15155.63,338.74,-37,20128,221.00,273.00,1086336.00,29653.15,2390.29,-37,42000,187.00,128.00
1545.00,[17:48:26.5674288],5227.00,-7796.00,563568.00,15090.29,329.19,-37,17568,221.00,273.00,1083680.00,29499.35,2308.91,-37,41440,187.00,128.00
1546.00,[17:48:26.6005302],7093.00,-3835.00,567792.00,15154.02,324.69,-37,17680,221.00,273.00,1085872.00,29451.55,2145.59,-37,42784,187.00,128.00
1547.00,[17:48:26.6336316],9170.00,-14282.00,567968.00,15102.66,344.84,-37,18240,221.00,273.00,1084064.00,29685.02,2440.99,-37,44256,187.00,128.00
1548.00,[17:48:26.6667330],8039.00,-7317.00,568016.00,15134.52,298.30,-37,17312,221.00,273.00,1083008.00,29468.24,2107.24,-37,44160,187.00,128.00
1549.00,[17:48:26.6998345],4910.00,-8762.00,564624.00,15127.39,306.33,-37,17264,221.00,273.00,1080624.00,29442.87,2172.31,-37,42736,187.00,128.00
1550.00,[17:48:26.7329359],7419.00,-1922.00,567232.00,15130.08,322.61,-37,17568,221.00,273.00,1084336.00,29358.33,2007.15,-37,42064,187.00,128.00
1551.00,[17:48:26.7660374],6753.00,-11263.00,565872.00,15111.32,315.92,-37,17520,221.00,273.00,1082176.00,29552.41,2192.28,-37,42096,187.00,128.00
1552.00,[17:48:26.7991388],8406.00,-8543.00,568080.00,15126.32,328.26,-37,17840,221.00,273.00,1082288.00,29481.93,2079.24,-37,42352,187.00,128.00
1553.00,[17:48:26.8322403],4724.00,-5758.00,564224.00,15121.61,284.08,-37,18320,221.00,273.00,1081664.00,29389.79,2037.05,-37,40144,187.00,128.00
1554.00,[17:48:26.8653417],12138.00,-8273.00,570976.00,15103.73,310.02,-37,19600,221.00,273.00,1077520.00,29345.76,2148.98,-37,39952,187.00,128.00
1555.00,[17:48:26.8984432],7901.00,-6863.00,568192.00,15142.99,352.18,-37,18848,221.00,273.00,1073744.00,29205.61,1993.33,-37,38752,187.00,128.00
1556.00,[17:48:26.9315447],7253.00,-6759.00,568528.00,15169.60,329.32,-37,18880,221.00,273.00,1076576.00,29279.32,2053.48,-37,39216,187.00,128.00
1557.00,[17:48:26.9646461],8886.00,-8671.00,567664.00,15102.12,320.96,-37,19440,221.00,273.00,1071936.00,29205.61,2008.73,-37,39040,187.00,128.00
1558.00,[17:48:26.9977476],8670.00,-6532.00,568080.00,15119.19,329.86,-37,19456,221.00,273.00,1076752.00,29277.95,2038.27,-37,40688,187.00,128.00
1559.00,[17:48:27.0308503],4712.00,-6661.00,564848.00,15138.80,325.12,-37,17632,221.00,273.00,1081024.00,29396.88,2198.73,-37,39856,187.00,128.00
1560.00,[17:48:27.0639518],5551.00,-12477.00,564896.00,15117.45,358.61,-37,16832,221.00,273.00,1076768.00,29439.05,2249.91,-37,40208,187.00,128.00
1561.00,[17:48:27.0970533],4245.00,-12361.00,564400.00,15139.33,311.70,-37,17328,221.00,273.00,1076432.00,29426.85,2223.01,-37,40992,187.00,128.00
1562.00,[17:48:27.1301548],5627.00,-10419.00,565888.00,15142.18,335.43,-37,17824,221.00,273.00,1073872.00,29305.16,2117.30,-37,40592,187.00,128.00
1563.00,[17:48:27.1632563],6680.00,-8979.00,566336.00,15125.83,355.73,-37,16928,221.00,273.00,1078640.00,29395.12,2118.13,-37,40480,187.00,128.00
1564.00,[17:48:27.1963578],5398.00,-9982.00,566256.00,15158.32,354.56,-37,16832,221.00,273.00,1076112.00,29353.90,2164.56,-37,39952,187.00,128.00
1565.00,[17:48:27.2294593],4600.00,-7747.00,564448.00,15131.03,335.38,-37,17104,221.00,273.00,1074272.00,29243.76,2101.88,-37,40400,187.00,128.00
1566.00,[17:48:27.2625608],5701.00,-9934.00,563440.00,15074.03,308.83,-37,16512,221.00,273.00,1075248.00,29329.23,2119.54,-37,40880,187.00,128.00
1567.00,[17:48:27.2956623],7497.00,-8767.00,567760.00,15142.24,328.79,-37,17296,221.00,273.00,1079056.00,29400.62,2133.11,-37,39952,187.00,128.00
1568.00,[17:48:27.3287638],7564.00,-7330.00,567088.00,15122.27,353.53,-37,17840,221.00,273.00,1080640.00,29404.58,2103.74,-37,41136,187.00,128.00
1569.00,[17:48:27.3618653],8236.00,-9195.00,568128.00,15132.20,288.52,-37,18192,221.00,273.00,1077008.00,29356.83,2063.34,-37,41408,187.00,128.00
1570.00,[17:48:27.3949669],6691.00,-11713.00,566688.00,15135.07,357.05,-37,18368,221.00,273.00,1080768.00,29526.51,2257.77,-37,41552,187.00,128.00
1571.00,[17:48:27.4280684],6065.00,-9139.00,566256.00,15140.30,341.08,-37,17776,221.00,273.00,1086896.00,29622.56,2252.74,-37,43120,187.00,128.00
1572.00,[17:48:27.4611700],12285.00,-6584.00,570496.00,15086.78,342.19,-37,17744,221.00,273.00,1088544.00,29598.05,2077.76,-37,43296,187.00,128.00
1573.00,[17:48:27.4942715],6891.00,-14021.00,566416.00,15122.31,302.16,-37,17440,221.00,273.00,1085328.00,29712.14,2343.02,-37,42544,187.00,128.00
1574.00,[17:48:27.5273730],8159.00,-14336.00,566400.00,15087.60,342.56,-37,17456,221.00,273.00,1084832.00,29707.25,2280.13,-37,42512,187.00,128.00
1575.00,[17:48:27.5604746],5987.00,-7081.00,565648.00,15125.97,308.22,-37,16912,221.00,273.00,1084320.00,29497.32,2038.67,-37,41824,187.00,128.00
1576.00,[17:48:27.5935762],10066.00,-6811.00,568496.00,15092.71,323.58,-37,18304,221.00,273.00,1087104.00,29565.26,2161.90,-37,40736,187.00,128.00
1577.00,[17:48:27.6266777],8032.00,-12387.00,566800.00,15101.85,289.47,-37,18080,221.00,273.00,1082928.00,29603.12,2195.76,-37,40272,187.00,128.00
1578.00,[17:48:27.6597793],6103.00,-7147.00,567072.00,15161.33,317.10,-37,17792,221.00,273.00,1086656.00,29562.26,2155.05,-37,41376,187.00,128.00
1579.00,[17:48:27.6928809],3516.00,-6255.00,562752.00,15114.49,327.45,-37,17728,221.00,273.00,1084672.00,29484.52,2021.19,-37,42080,187.00,128.00
1580.00,[17:48:27.7259824],7895.00,-8787.00,568096.00,15140.57,347.75,-37,18160,221.00,273.00,1084784.00,29555.97,2231.36,-37,41232,187.00,128.00
1581.00,[17:48:27.7590840],11501.00,-5467.00,569792.00,15088.95,327.75,-37,18544,221.00,273.00,1086480.00,29512.07,2170.32,-37,40464,187.00,128.00
1582.00,[17:48:27.7921856],5663.00,-4647.00,563984.00,15089.76,326.70,-37,17472,221.00,273.00,1084000.00,29422.90,2036.17,-37,40288,187.00,128.00
1583.00,[17:48:27.8252872],8572.00,-6007.00,566592.00,15081.63,300.74,-37,17904,221.00,273.00,1082256.00,29412.51,2076.40,-37,40688,187.00,128.00
1584.00,[17:48:27.8583888],9490.00,-9582.00,569136.00,15125.56,351.78,-37,18768,221.00,273.00,1080576.00,29463.73,2094.16,-37,39616,187.00,128.00
1585.00,[17:48:27.8914904],10529.00,-7051.00,569056.00,15095.32,311.62,-37,19184,221.00,273.00,1081728.00,29426.46,2066.18,-37,39728,187.00,128.00
1586.00,[17:48:27.9245920],4922.00,-4450.00,562656.00,15073.88,337.08,-37,18192,221.00,273.00,1080624.00,29326.33,1903.42,-37,40032,187.00,128.00
1587.00,[17:48:27.9576936],6693.00,-7337.00,567312.00,15151.87,319.31,-37,18448,221.00,273.00,1082576.00,29457.10,2083.58,-37,41296,187.00,128.00
1588.00,[17:48:27.9907952],7812.00,-4313.00,566560.00,15101.29,321.36,-37,18000,221.00,273.00,1089440.00,29560.90,2083.34,-37,42192,187.00,128.00
1589.00,[17:48:28.0238941],7035.00,-7045.00,566560.00,15122.31,267.00,-37,17856,221.00,273.00,1091840.00,29699.59,2147.28,-37,41664,187.00,128.00
1590.00,[17:48:28.0569957],6886.00,-9787.00,567456.00,15150.53,300.34,-37,19008,221.00,273.00,1088560.00,29685.06,2175.00,-37,41056,187.00,128.00
1591.00,[17:48:28.0900973],9748.00,-2885.00,568832.00,15110.37,328.39,-37,18448,221.00,273.00,1090400.00,29548.24,2050.31,-37,41104,187.00,128.00
1592.00,[17:48:28.1231989],6569.00,-9625.00,567248.00,15153.48,335.77,-37,17664,221.00,273.00,1085440.00,29596.34,2218.52,-37,40464,187.00,128.00
1593.00,[17:48:28.1563005],6682.00,-7121.00,565888.00,15113.68,318.59,-37,17104,221.00,273.00,1085600.00,29532.99,2204.62,-37,40400,187.00,128.00
1594.00,[17:48:28.1894021],7421.00,-4447.00,565776.00,15090.69,298.45,-37,18224,221.00,273.00,1083440.00,29402.34,2004.66,-37,40176,187.00,128.00
1595.00,[17:48:28.2225037],4934.00,-7816.00,563424.00,15094.32,315.19,-37,17760,221.00,273.00,1082496.00,29467.90,2104.72,-37,39456,187.00,128.00
1596.00,[17:48:28.2556053],7555.00,-6401.00,566080.00,15095.26,322.78,-37,18192,221.00,273.00,1084832.00,29492.79,2121.93,-37,40144,187.00,128.00
1597.00,[17:48:28.2887069],10857.00,-6646.00,569168.00,15089.48,321.04,-37,18528,221.00,273.00,1082624.00,29439.73,2129.34,-37,40224,187.00,128.00
1598.00,[17:48:28.3218085],8766.00,-4892.00,567728.00,15107.09,318.17,-37,17504,221.00,273.00,1081408.00,29359.45,2019.55,-37,39936,187.00,128.00
1599.00,[17:48:28.3549101],9524.00,-9942.00,568816.00,15116.00,336.41,-37,19840,221.00,273.00,1078400.00,29414.64,2095.06,-37,40144,187.00,128.00
1600.00,[17:48:28.3880116],8141.00,-5944.00,568400.00,15142.13,340.69,-37,17936,221.00,273.00,1082864.00,29427.25,2142.64,-37,39232,187.00,128.00
1601.00,[17:48:28.4211132],10101.00,-6201.00,570048.00,15133.69,301.79,-37,17504,221.00,273.00,1084000.00,29464.89,2168.89,-37,40480,187.00,128.00
1602.00,[17:48:28.4542148],6256.00,-12805.00,566800.00,15149.85,319.16,-37,18288,221.00,273.00,1076560.00,29442.31,2117.11,-37,39088,187.00,128.00
1603.00,[17:48:28.4873163],6813.00,-7909.00,567696.00,15158.99,313.29,-37,18176,221.00,273.00,1077728.00,29341.54,2055.52,-37,39920,187.00,128.00
1604.00,[17:48:28.5204179],9428.00,-10399.00,570992.00,15177.41,307.89,-37,18704,221.00,273.00,1078304.00,29424.41,2175.63,-37,39312,187.00,128.00
1605.00,[17:48:28.5535194],9372.00,-7448.00,568016.00,15098.49,346.08,-37,18304,221.00,273.00,1077648.00,29326.92,2088.48,-37,38432,187.00,128.00
1606.00,[17:48:28.5866210],9916.00,-3337.00,568304.00,15091.56,311.01,-37,18880,221.00,273.00,1078480.00,29238.29,2012.80,-37,38400,187.00,128.00
1607.00,[17:48:28.6197225],5727.00,-4753.00,564480.00,15101.45,354.05,-37,17280,221.00,273.00,1078592.00,29279.59,2041.78,-37,39472,187.00,128.00
1608.00,[17:48:28.6528241],4765.00,-3357.00,563792.00,15108.84,316.71,-37,18720,221.00,273.00,1081728.00,29326.62,2064.94,-37,40528,187.00,128.00
1609.00,[17:48:28.6859256],8960.00,-8404.00,568320.00,15117.85,337.53,-37,18144,221.00,273.00,1079376.00,29399.46,2149.01,-37,39936,187.00,128.00
1610.00,[17:48:28.7190271],10491.00,-6874.00,569936.00,15120.13,355.35,-37,19072,221.00,273.00,1080384.00,29385.36,2160.17,-37,39680,187.00,128.00
1611.00,[17:48:28.7521286],4375.00,-9701.00,563840.00,15120.67,299.73,-37,17424,221.00,273.00,1078400.00,29408.14,2201.37,-37,39792,187.00,128.00
1612.00,[17:48:28.7852301],8476.00,-5465.00,567344.00,15104.54,338.94,-37,18112,221.00,273.00,1076512.00,29242.62,1974.99,-37,40112,187.00,128.00
1613.00,[17:48:28.8183317],8671.00,-10428.00,567216.00,15095.80,336.25,-37,17968,221.00,273.00,1074864.00,29332.20,2189.76,-37,39680,187.00,128.00
1614.00,[17:48:28.8514332],9690.00,-9419.00,569568.00,15131.83,332.39,-37,17856,221.00,273.00,1073648.00,29272.07,2088.00,-37,40352,187.00,128.00
1615.00,[17:48:28.8845347],5916.00,-6448.00,565232.00,15116.64,347.48,-37,17504,221.00,273.00,1075552.00,29243.25,2130.23,-37,39712,187.00,128.00
1616.00,[17:48:28.9176362],6165.00,-8993.00,564928.00,15101.71,303.67,-37,18496,221.00,273.00,1070992.00,29188.79,2046.92,-37,39440,187.00,128.00
1617.00,[17:48:28.9507377],7462.00,-5789.00,566320.00,15104.27,280.35,-37,17664,221.00,273.00,1074864.00,29206.84,2058.77,-37,39216,187.00,128.00
1618.00,[17:48:28.9838391],7835.00,-10343.00,565504.00,15072.13,316.27,-37,17792,221.00,273.00,1066768.00,29111.11,1979.47,-37,39632,187.00,128.00
1619.00,[17:48:29.0169375],7077.00,-5377.00,564880.00,15075.76,328.55,-37,18048,221.00,273.00,1071632.00,29108.34,2087.30,-37,37984,187.00,128.00
1620.00,[17:48:29.0500390],7626.00,-9004.00,565200.00,15069.58,349.46,-37,17792,221.00,273.00,1064272.00,29007.46,2124.86,-37,37968,187.00,128.00
1621.00,[17:48:29.0831405],10603.00,-7643.00,568448.00,15076.88,340.59,-37,19968,221.00,273.00,1067936.00,29069.69,2015.79,-37,37760,187.00,128.00
1622.00,[17:48:29.1162420],7278.00,-8695.00,564544.00,15061.24,335.88,-37,18640,221.00,273.00,1067872.00,29096.41,2048.33,-37,38592,187.00,128.00
1623.00,[17:48:29.1493434],6712.00,-3690.00,563680.00,15053.18,317.64,-37,17904,221.00,273.00,1068432.00,28976.28,1926.03,-37,38016,187.00,128.00
1624.00,[17:48:29.1824449],7359.00,-4114.00,565968.00,15097.55,315.66,-37,17856,221.00,273.00,1064272.00,28875.31,1894.82,-37,38800,187.00,128.00
1625.00,[17:48:29.2155463],6688.00,-4649.00,565392.00,15100.10,323.36,-37,17744,221.00,273.00,1072896.00,29122.85,2120.14,-37,38976,187.00,128.00
1626.00,[17:48:29.2486478],7113.00,-1714.00,564464.00,15063.53,353.44,-37,17744,221.00,273.00,1071408.00,29003.31,1894.68,-37,38688,187.00,128.00
1627.00,[17:48:29.2817492],8826.00,-1474.00,568176.00,15117.58,383.78,-37,17072,221.00,273.00,1072576.00,29028.38,2019.94,-37,38592,187.00,128.00
1628.00,[17:48:29.3148507],8398.00,-5300.00,566496.00,15083.73,341.47,-37,16736,221.00,273.00,1072336.00,29125.29,2157.81,-37,39360,187.00,128.00
1629.00,[17:48:29.3479521],4865.00,-5926.00,564784.00,15132.93,360.64,-37,16416,221.00,273.00,1076096.00,29243.83,2201.88,-37,38832,187.00,128.00
1630.00,[17:48:29.3810536],6467.00,2629.00,564912.00,15093.11,306.87,-37,17856,221.00,273.00,1086384.00,29290.67,2321.64,-37,38640,187.00,128.00
1631.00,[17:48:29.4141550],9132.00,14005.00,568672.00,15122.71,347.69,-37,19888,221.00,273.00,1100096.00,29353.82,2363.36,-37,41360,187.00,128.00
1632.00,[17:48:29.4472564],9795.00,13560.00,569648.00,15131.16,344.97,-37,19312,221.00,273.00,1100000.00,29363.25,2296.56,-37,42064,187.00,128.00
1633.00,[17:48:29.4803578],7322.00,13095.00,565712.00,15091.63,329.48,-37,18224,221.00,273.00,1093600.00,29202.85,2241.05,-37,40784,187.00,128.00
1634.00,[17:48:29.5134593],4783.00,20815.00,563424.00,15098.40,329.33,-37,16944,221.00,273.00,1096560.00,29074.19,2158.25,-37,41808,187.00,128.00
1635.00,[17:48:29.5465607],9968.00,13978.00,568640.00,15099.25,343.11,-37,18352,221.00,273.00,1085840.00,28969.24,2010.95,-37,38944,187.00,128.00
1636.00,[17:48:29.5796621],7258.00,10433.00,566176.00,15105.88,358.86,-37,18672,221.00,273.00,1090256.00,29184.40,2282.20,-37,39424,187.00,128.00
1637.00,[17:48:29.6127635],8047.00,8462.00,567872.00,15130.40,314.53,-37,20800,221.00,273.00,1087904.00,29174.10,2233.34,-37,38528,187.00,128.00
1638.00,[17:48:29.6458649],7459.00,3255.00,567792.00,15144.13,319.09,-37,19040,221.00,273.00,1086784.00,29284.57,2333.04,-37,39024,187.00,128.00
1639.00,[17:48:29.6789663],4676.00,11570.00,564688.00,15135.47,331.73,-37,17776,221.00,273.00,1093920.00,29252.71,2308.81,-37,41088,187.00,128.00
1640.00,[17:48:29.7120677],4704.00,15030.00,565136.00,15146.80,316.34,-37,17552,221.00,273.00,1097136.00,29246.12,2353.89,-37,42208,187.00,128.00
1641.00,[17:48:29.7451691],10075.00,15543.00,569152.00,15110.18,330.69,-37,20048,221.00,273.00,1096144.00,29205.42,2303.67,-37,39008,187.00,128.00
1642.00,[17:48:29.7782705],9058.00,13125.00,567344.00,15088.81,333.78,-37,18112,221.00,273.00,1095152.00,29243.97,2287.07,-37,38416,187.00,128.00
1643.00,[17:48:29.8113719],7225.00,6008.00,567312.00,15137.48,314.06,-37,18096,221.00,273.00,1083552.00,29122.82,2330.29,-37,37344,187.00,128.00
1644.00,[17:48:29.8444732],6900.00,2545.00,565952.00,15109.51,327.20,-37,18176,221.00,273.00,1086704.00,29301.60,2390.64,-37,38864,187.00,128.00
1645.00,[17:48:29.8775746],9181.00,7426.00,568832.00,15125.69,309.32,-37,17872,221.00,273.00,1090144.00,29262.66,2295.28,-37,37680,187.00,128.00
1646.00,[17:48:29.9106760],8919.00,2069.00,569824.00,15159.59,318.04,-37,17456,221.00,273.00,1086016.00,29295.87,2305.64,-37,38688,187.00,128.00
1647.00,[17:48:29.9437773],8290.00,3772.00,568272.00,15134.66,355.26,-37,17824,221.00,273.00,1089456.00,29342.80,2462.37,-37,39136,187.00,128.00
1648.00,[17:48:29.9768787],7586.00,9155.00,568528.00,15160.61,369.78,-37,17040,221.00,273.00,1090368.00,29221.97,2192.67,-37,39120,187.00,128.00
1649.00,[17:48:30.0099812],5454.00,7465.00,565536.00,15137.34,308.84,-37,17568,221.00,273.00,1092912.00,29336.41,2249.71,-37,39392,187.00,128.00
1650.00,[17:48:30.0430825],8071.00,17473.00,568784.00,15154.40,339.18,-37,18960,221.00,273.00,1097296.00,29184.41,2253.48,-37,44800,187.00,128.00
1651.00,[17:48:30.0761839],8052.00,12155.00,568464.00,15146.27,356.78,-37,19792,221.00,273.00,1097296.00,29328.14,2292.13,-37,41920,187.00,128.00
1652.00,[17:48:30.1092852],7455.00,6035.00,568336.00,15158.93,366.20,-37,18176,221.00,273.00,1094240.00,29410.96,2412.77,-37,39488,187.00,128.00
1653.00,[17:48:30.1423866],9752.00,11698.00,569488.00,15128.00,298.05,-37,19552,221.00,273.00,1096272.00,29312.81,2314.01,-37,39040,187.00,128.00
1654.00,[17:48:30.1754880],8227.00,6870.00,568688.00,15147.60,351.78,-37,20096,221.00,273.00,1089792.00,29268.17,2344.44,-37,40208,187.00,128.00
1655.00,[17:48:30.2085894],6597.00,7847.00,568336.00,15182.13,372.13,-37,18416,221.00,273.00,1093344.00,29337.76,2203.19,-37,39600,187.00,128.00
1656.00,[17:48:30.2416907],3481.00,14188.00,562752.00,15115.43,320.87,-37,18320,221.00,273.00,1098416.00,29303.46,2213.67,-37,43408,187.00,128.00
1657.00,[17:48:30.2747921],6545.00,16742.00,568368.00,15184.40,335.90,-37,18896,221.00,273.00,1100912.00,29301.88,2162.96,-37,43072,187.00,128.00
1658.00,[17:48:30.3078935],7501.00,14684.00,567200.00,15126.99,322.92,-37,18560,221.00,273.00,1100272.00,29340.20,2274.01,-37,39904,187.00,128.00
1659.00,[17:48:30.3409949],7155.00,15482.00,567968.00,15157.11,302.50,-37,17616,221.00,273.00,1094928.00,29174.21,2102.34,-37,38864,187.00,128.00
1660.00,[17:48:30.3740963],7713.00,12526.00,568944.00,15168.40,321.73,-37,17968,221.00,273.00,1091504.00,29161.57,2177.08,-37,38464,187.00,128.00
1661.00,[17:48:30.4071977],3498.00,7043.00,565632.00,15192.80,313.17,-37,18144,221.00,273.00,1091184.00,29301.11,2270.65,-37,38512,187.00,128.00
1662.00,[17:48:30.4402991],3333.00,20225.00,565264.00,15187.33,344.38,-37,16512,221.00,273.00,1102432.00,29248.83,2163.67,-37,41168,187.00,128.00
1663.00,[17:48:30.4734006],9066.00,8785.00,569936.00,15158.64,320.02,-37,17696,221.00,273.00,1098224.00,29444.30,2368.93,-37,41504,187.00,128.00
1664.00,[17:48:30.5065020],6145.00,1395.00,568928.00,15210.35,323.39,-37,17600,221.00,273.00,1089984.00,29421.33,2400.58,-37,40160,187.00,128.00
1665.00,[17:48:30.5396034],7891.00,13607.00,570512.00,15205.97,320.06,-37,18864,221.00,273.00,1097760.00,29301.42,2259.37,-37,39840,187.00,128.00
1666.00,[17:48:30.5727048],6852.00,14292.00,569312.00,15201.61,293.06,-37,18016,221.00,273.00,1100144.00,29347.36,2373.70,-37,41856,187.00,128.00
1667.00,[17:48:30.6058062],6732.00,14829.00,569888.00,15220.44,276.10,-37,19648,221.00,273.00,1096192.00,29226.03,2346.92,-37,42080,187.00,128.00
1668.00,[17:48:30.6389077],8232.00,8699.00,569488.00,15169.08,317.88,-37,18560,221.00,273.00,1090464.00,29236.88,2258.46,-37,38880,187.00,128.00
1669.00,[17:48:30.6720091],5794.00,9316.00,567360.00,15177.47,317.58,-37,17568,221.00,273.00,1093616.00,29305.41,2376.84,-37,40096,187.00,128.00
1670.00,[17:48:30.7051106],7058.00,11822.00,568624.00,15177.47,345.47,-37,18720,221.00,273.00,1095744.00,29295.19,2322.88,-37,41088,187.00,128.00
1671.00,[17:48:30.7382120],8852.00,2934.00,571008.00,15193.41,321.10,-37,18208,221.00,273.00,1080512.00,29123.73,2285.51,-37,38128,187.00,128.00
1672.00,[17:48:30.7713135],6695.00,8398.00,570000.00,15224.47,357.41,-37,17840,221.00,273.00,1084192.00,29075.53,2155.65,-37,38480,187.00,128.00
1673.00,[17:48:30.8044149],9111.00,4681.00,573136.00,15243.93,298.26,-37,18064,221.00,273.00,1081952.00,29115.43,2258.23,-37,37712,187.00,128.00
1674.00,[17:48:30.8375164],6086.00,15364.00,568160.00,15191.20,327.17,-37,17760,221.00,273.00,1086176.00,28940.85,2074.89,-37,38416,187.00,128.00
1675.00,[17:48:30.8706178],9068.00,3472.00,571184.00,15192.34,342.98,-37,18784,221.00,273.00,1076768.00,29008.00,2192.44,-37,37488,187.00,128.00
1676.00,[17:48:30.9037193],8386.00,4947.00,571552.00,15220.71,318.34,-37,17968,221.00,273.00,1079168.00,29033.01,2201.56,-37,37568,187.00,128.00
1677.00,[17:48:30.9368208],6647.00,3693.00,568928.00,15196.77,351.09,-37,17792,221.00,273.00,1081824.00,29138.69,2285.50,-37,38304,187.00,128.00
1678.00,[17:48:30.9699223],8765.00,9663.00,570976.00,15194.89,332.07,-37,18688,221.00,273.00,1084640.00,29053.42,2167.76,-37,38304,187.00,128.00
1679.00,[17:48:31.0030248],5505.00,14379.00,567328.00,15184.40,313.59,-37,17072,221.00,273.00,1087184.00,28994.74,2146.62,-37,37824,187.00,128.00
1680.00,[17:48:31.0361263],8546.00,10728.00,571200.00,15206.86,315.29,-37,19552,221.00,273.00,1087792.00,29109.83,2175.54,-37,39040,187.00,128.00
1681.00,[17:48:31.0692278],9038.00,9896.00,572464.00,15227.73,359.42,-37,19920,221.00,273.00,1089216.00,29170.82,2297.57,-37,38992,187.00,128.00
1682.00,[17:48:31.1023293],12365.00,10671.00,572928.00,15150.34,306.18,-37,19696,221.00,273.00,1088272.00,29124.34,2244.48,-37,38752,187.00,128.00
1683.00,[17:48:31.1354308],9097.00,6577.00,570464.00,15172.07,287.71,-37,18496,221.00,273.00,1084704.00,29138.55,2268.17,-37,38720,187.00,128.00
1684.00,[17:48:31.1685323],4273.00,3109.00,565968.00,15180.93,337.68,-37,17760,221.00,273.00,1086064.00,29269.07,2448.39,-37,38144,187.00,128.00
1685.00,[17:48:31.2016338],9314.00,11494.00,571152.00,15184.81,342.78,-37,17824,221.00,273.00,1089024.00,29122.44,2215.83,-37,38272,187.00,128.00
1686.00,[17:48:31.2347353],8514.00,14545.00,571088.00,15204.71,334.66,-37,18560,221.00,273.00,1093328.00,29156.30,2327.49,-37,40160,187.00,128.00
1687.00,[17:48:31.2678369],7278.00,14540.00,569984.00,15208.27,308.94,-37,19888,221.00,273.00,1092448.00,29132.64,2268.42,-37,39968,187.00,128.00
1688.00,[17:48:31.3009384],7122.00,8583.00,568160.00,15163.20,339.15,-37,18272,221.00,273.00,1085536.00,29106.85,2095.52,-37,38368,187.00,128.00
1689.00,[17:48:31.3340399],6108.00,14805.00,569408.00,15224.34,320.92,-37,19056,221.00,273.00,1098080.00,29277.69,2316.22,-37,40240,187.00,128.00
1690.00,[17:48:31.3671414],9192.00,10079.00,571696.00,15202.82,330.07,-37,18720,221.00,273.00,1092064.00,29242.85,2266.49,-37,39808,187.00,128.00
1691.00,[17:48:31.4002430],7660.00,10563.00,570080.00,15200.54,341.34,-37,18784,221.00,273.00,1091712.00,29220.24,2098.14,-37,38832,187.00,128.00
1692.00,[17:48:31.4333445],4429.00,9587.00,566336.00,15186.67,324.75,-37,17952,221.00,273.00,1095872.00,29359.05,2300.09,-37,39248,187.00,128.00
1693.00,[17:48:31.4664461],5446.00,14200.00,568448.00,15216.27,357.92,-37,18464,221.00,273.00,1103584.00,29442.82,2434.11,-37,45392,187.00,128.00
1694.00,[17:48:31.4995476],5611.00,9487.00,567824.00,15194.93,322.15,-37,17312,221.00,273.00,1097136.00,29395.93,2241.10,-37,40576,187.00,128.00
1695.00,[17:48:31.5326492],5769.00,13799.00,569632.00,15239.53,312.54,-37,17952,221.00,273.00,1104096.00,29467.49,2252.47,-37,40640,187.00,128.00
1696.00,[17:48:31.5657507],5644.00,16857.00,567616.00,15188.44,315.63,-37,17456,221.00,273.00,1104688.00,29400.83,2195.27,-37,41472,187.00,128.00
1697.00,[17:48:31.5988523],4918.00,15746.00,567584.00,15207.20,344.06,-37,17808,221.00,273.00,1100096.00,29306.76,2128.07,-37,41344,187.00,128.00
1698.00,[17:48:31.6319539],8713.00,10963.00,570576.00,15185.48,322.74,-37,19056,221.00,273.00,1102208.00,29493.11,2373.96,-37,41888,187.00,128.00
1699.00,[17:48:31.6650554],10682.00,9673.00,573200.00,15203.20,337.71,-37,21920,221.00,273.00,1096720.00,29379.66,2306.32,-37,40064,187.00,128.00
1700.00,[17:48:31.6981570],9681.00,9939.00,572880.00,15221.60,347.63,-37,20384,221.00,273.00,1099600.00,29450.31,2278.39,-37,41264,187.00,128.00
1701.00,[17:48:31.7312586],9741.00,10612.00,573648.00,15240.74,323.27,-37,18176,221.00,273.00,1099536.00,29430.37,2286.21,-37,40416,187.00,128.00
1702.00,[17:48:31.7643602],8708.00,11239.00,572176.00,15228.85,306.01,-37,17696,221.00,273.00,1098848.00,29394.85,2265.26,-37,39680,187.00,128.00
1703.00,[17:48:31.7974618],7209.00,14884.00,569808.00,15205.38,365.31,-37,17616,221.00,273.00,1099104.00,29303.25,2192.34,-37,39792,187.00,128.00
1704.00,[17:48:31.8305634],6823.00,21195.00,568064.00,15168.67,334.79,-37,17808,221.00,273.00,1104064.00,29266.74,2262.35,-37,42432,187.00,128.00
1705.00,[17:48:31.8636650],4748.00,14295.00,566112.00,15172.00,311.93,-37,18080,221.00,273.00,1102592.00,29413.42,2279.15,-37,43616,187.00,128.00
1706.00,[17:48:31.8967666],6350.00,13578.00,569984.00,15233.34,345.88,-37,17536,221.00,273.00,1098336.00,29317.79,2132.21,-37,39408,187.00,128.00
1707.00,[17:48:31.9298682],6840.00,12415.00,569280.00,15201.08,326.80,-37,18656,221.00,273.00,1099600.00,29383.38,2308.53,-37,39408,187.00,128.00
1708.00,[17:48:31.9629698],9083.00,15445.00,572000.00,15213.97,332.71,-37,18368,221.00,273.00,1101840.00,29362.03,2332.08,-37,42064,187.00,128.00
1709.00,[17:48:31.9960714],5766.00,9002.00,567360.00,15178.22,316.78,-37,18208,221.00,273.00,1094432.00,29335.93,2345.84,-37,38736,187.00,128.00
1710.00,[17:48:32.0291701],8394.00,11457.00,571296.00,15213.56,302.61,-37,19200,221.00,273.00,1096688.00,29330.58,2347.30,-37,39712,187.00,128.00
1711.00,[17:48:32.0622717],7995.00,8969.00,571920.00,15241.22,301.65,-37,18688,221.00,273.00,1094784.00,29346.34,2172.23,-37,40448,187.00,128.00
1712.00,[17:48:32.0953733],5943.00,9425.00,568960.00,15216.68,319.26,-37,18400,221.00,273.00,1099648.00,29465.49,2392.29,-37,40576,187.00,128.00
1713.00,[17:48:32.1284749],6916.00,14040.00,569968.00,15217.63,314.71,-37,18192,221.00,273.00,1100576.00,29365.83,2388.29,-37,41040,187.00,128.00
1714.00,[17:48:32.1615765],5262.00,12466.00,567968.00,15208.27,367.43,-37,18320,221.00,273.00,1097248.00,29318.43,2196.94,-37,41888,187.00,128.00
1715.00,[17:48:32.1946782],6480.00,10133.00,570064.00,15232.00,375.84,-37,18656,221.00,273.00,1094816.00,29315.76,2335.57,-37,40128,187.00,128.00
1716.00,[17:48:32.2277798],10364.00,12655.00,570832.00,15147.80,320.29,-37,20336,221.00,273.00,1091504.00,29158.07,2164.69,-37,39792,187.00,128.00
1717.00,[17:48:32.2608814],7535.00,13009.00,569184.00,15179.70,343.36,-37,18736,221.00,273.00,1094432.00,29227.66,2349.85,-37,40640,187.00,128.00
1718.00,[17:48:32.2939829],8505.00,5798.00,569168.00,15153.07,321.00,-37,18480,221.00,273.00,1085616.00,29184.27,2289.20,-37,38720,187.00,128.00
1719.00,[17:48:32.3270845],9249.00,6996.00,568784.00,15122.55,333.44,-37,18736,221.00,273.00,1088976.00,29242.71,2377.41,-37,39920,187.00,128.00
1720.00,[17:48:32.3601861],10182.00,8137.00,570144.00,15134.12,316.53,-37,20288,221.00,273.00,1091040.00,29267.66,2365.39,-37,42160,187.00,128.00
1721.00,[17:48:32.3932877],5773.00,13415.00,568592.00,15211.33,332.74,-37,17728,221.00,273.00,1097824.00,29308.34,2304.84,-37,44848,187.00,128.00
1722.00,[17:48:32.4263893],4942.00,6041.00,567648.00,15208.27,342.05,-37,17952,221.00,273.00,1089072.00,29271.11,2229.78,-37,40256,187.00,128.00
1723.00,[17:48:32.4594908],8033.00,8263.00,569520.00,15175.33,357.09,-37,19808,221.00,273.00,1091728.00,29282.85,2293.42,-37,41200,187.00,128.00
1724.00,[17:48:32.4925924],3948.00,3351.00,565840.00,15186.27,307.37,-37,18080,221.00,273.00,1086832.00,29283.28,2241.21,-37,39840,187.00,128.00
1725.00,[17:48:32.5256940],8149.00,11534.00,572512.00,15253.07,300.66,-37,19552,221.00,273.00,1094128.00,29259.31,2128.68,-37,40752,187.00,128.00
1726.00,[17:48:32.5587955],7196.00,14328.00,569808.00,15205.73,352.66,-37,18144,221.00,273.00,1097344.00,29270.70,2270.68,-37,40272,187.00,128.00
1727.00,[17:48:32.5918971],7453.00,6034.00,569808.00,15198.79,326.98,-37,17984,221.00,273.00,1088416.00,29253.56,2240.28,-37,38720,187.00,128.00
1728.00,[17:48:32.6249986],4821.00,14828.00,568032.00,15221.92,284.64,-37,18448,221.00,273.00,1096528.00,29235.15,2243.54,-37,43296,187.00,128.00
1729.00,[17:48:32.6581002],8196.00,17114.00,572160.00,15242.27,336.23,-37,19232,221.00,273.00,1096896.00,29183.31,2112.97,-37,44416,187.00,128.00
1730.00,[17:48:32.6912017],7661.00,19308.00,570272.00,15205.69,313.70,-37,18720,221.00,273.00,1104208.00,29321.63,2258.40,-37,43072,187.00,128.00
1731.00,[17:48:32.7243032],10071.00,5908.00,573680.00,15232.67,372.26,-37,20384,221.00,273.00,1092880.00,29377.61,2416.98,-37,39408,187.00,128.00
1732.00,[17:48:32.7574047],8426.00,4232.00,571664.00,15222.64,321.63,-37,18768,221.00,273.00,1086624.00,29253.83,2248.77,-37,39584,187.00,128.00
1733.00,[17:48:32.7905063],11718.00,8365.00,575312.00,15232.27,313.70,-37,18624,221.00,273.00,1092096.00,29290.03,2338.57,-37,39472,187.00,128.00
1734.00,[17:48:32.8236078],8180.00,3807.00,571744.00,15231.46,349.97,-37,17728,221.00,273.00,1086896.00,29272.68,2301.25,-37,39808,187.00,128.00
1735.00,[17:48:32.8567093],9430.00,6598.00,572352.00,15214.10,335.32,-37,17408,221.00,273.00,1087856.00,29223.19,2341.10,-37,39776,187.00,128.00
1736.00,[17:48:32.8898108],6089.00,10091.00,570240.00,15247.33,335.67,-37,16928,221.00,273.00,1083984.00,29024.14,2154.75,-37,38896,187.00,128.00
1737.00,[17:48:32.9229123],8190.00,16600.00,571376.00,15221.24,364.37,-37,17984,221.00,273.00,1092096.00,29067.45,2222.69,-37,39664,187.00,128.00
1738.00,[17:48:32.9560138],5603.00,12163.00,568416.00,15211.16,315.17,-37,18176,221.00,273.00,1086608.00,29039.04,2201.40,-37,38832,187.00,128.00
1739.00,[17:48:32.9891153],8799.00,2276.00,571776.00,15215.60,378.53,-37,19072,221.00,273.00,1079040.00,29101.73,2381.46,-37,38224,187.00,128.00
1740.00,[17:48:33.0222135],6574.00,8204.00,569840.00,15223.39,363.19,-37,17584,221.00,273.00,1083440.00,29060.44,2374.41,-37,38016,187.00,128.00
1741.00,[17:48:33.0553150],9390.00,-58.00,572928.00,15230.77,338.44,-37,17296,221.00,273.00,1075696.00,29074.42,2331.46,-37,39760,187.00,128.00
1742.00,[17:48:33.0884165],8343.00,18352.00,570432.00,15191.59,343.03,-37,16960,221.00,273.00,1086928.00,28880.42,1962.57,-37,39104,187.00,128.00
1743.00,[17:48:33.1215179],7642.00,11081.00,568848.00,15167.73,349.90,-37,17584,221.00,273.00,1086128.00,29055.32,2296.68,-37,38896,187.00,128.00
1744.00,[17:48:33.1546194],5526.00,12344.00,567568.00,15190.32,317.64,-37,17200,221.00,273.00,1086864.00,29041.09,2257.78,-37,38944,187.00,128.00
1745.00,[17:48:33.1877209],7671.00,9847.00,568752.00,15164.34,305.43,-37,17168,221.00,273.00,1078608.00,28885.42,2161.01,-37,37968,187.00,128.00
1746.00,[17:48:33.2208223],4962.00,12689.00,568720.00,15236.71,319.26,-37,17584,221.00,273.00,1081472.00,28886.02,2167.65,-37,37648,187.00,128.00
1747.00,[17:48:33.2539238],6917.00,15965.00,568352.00,15173.92,302.09,-37,17408,221.00,273.00,1083872.00,28862.36,2145.20,-37,38368,187.00,128.00
1748.00,[17:48:33.2870252],8113.00,12186.00,571200.00,15218.55,338.29,-37,17280,221.00,273.00,1081616.00,28903.52,2143.37,-37,37936,187.00,128.00
1749.00,[17:48:33.3201267],8527.00,13963.00,569520.00,15161.98,302.36,-37,17440,221.00,273.00,1086848.00,28996.88,2257.63,-37,38672,187.00,128.00
1750.00,[17:48:33.3532281],9574.00,2831.00,571568.00,15189.02,317.40,-37,17344,221.00,273.00,1079440.00,29097.55,2336.23,-37,38432,187.00,128.00
1751.00,[17:48:33.3863296],5135.00,13292.00,566784.00,15179.70,384.20,-37,17920,221.00,273.00,1085824.00,28987.35,2194.44,-37,38448,187.00,128.00
1752.00,[17:48:33.4194310],4116.00,7777.00,568576.00,15255.66,320.13,-37,17600,221.00,273.00,1081488.00,29019.21,2195.75,-37,39232,187.00,128.00
1753.00,[17:48:33.4525325],6885.00,634.00,569952.00,15218.03,322.58,-37,17376,221.00,273.00,1080352.00,29181.58,2345.22,-37,39728,187.00,128.00
1754.00,[17:48:33.4856339],9213.00,10323.00,571392.00,15194.03,333.92,-37,18784,221.00,273.00,1083472.00,29004.03,2270.36,-37,38464,187.00,128.00
1755.00,[17:48:33.5187353],6948.00,3942.00,569408.00,15201.63,342.32,-37,17328,221.00,273.00,1087008.00,29272.07,2452.99,-37,40784,187.00,128.00
1756.00,[17:48:33.5518367],8308.00,9593.00,570432.00,15192.54,290.23,-37,18368,221.00,273.00,1087856.00,29142.24,2393.43,-37,40912,187.00,128.00
1757.00,[17:48:33.5849381],7211.00,17049.00,570144.00,15214.40,357.15,-37,18640,221.00,273.00,1093664.00,29097.71,2169.01,-37,40976,187.00,128.00
1758.00,[17:48:33.6180395],7227.00,16017.00,570624.00,15226.93,323.71,-37,18464,221.00,273.00,1097024.00,29216.41,2304.92,-37,41568,187.00,128.00
1759.00,[17:48:33.6511410],4436.00,12158.00,568992.00,15258.27,335.66,-37,16688,221.00,273.00,1092688.00,29203.53,2328.99,-37,40032,187.00,128.00
1760.00,[17:48:33.6842424],9095.00,5599.00,572032.00,15214.51,337.13,-37,18432,221.00,273.00,1080400.00,29048.68,2271.16,-37,38688,187.00,128.00
1761.00,[17:48:33.7173438],8710.00,5934.00,571216.00,15202.87,293.73,-37,17584,221.00,273.00,1084448.00,29149.02,2314.56,-37,39056,187.00,128.00
1762.00,[17:48:33.7504451],8755.00,8192.00,571632.00,15212.88,345.05,-37,18032,221.00,273.00,1090368.00,29248.00,2331.23,-37,40240,187.00,128.00
1763.00,[17:48:33.7835465],7311.00,1585.00,570288.00,15215.59,302.67,-37,17840,221.00,273.00,1084000.00,29254.45,2340.91,-37,39728,187.00,128.00
1764.00,[17:48:33.8166479],6026.00,4025.00,568784.00,15209.68,337.01,-37,18752,221.00,273.00,1090096.00,29353.28,2450.58,-37,39616,187.00,128.00
1765.00,[17:48:33.8497493],9520.00,10223.00,574208.00,15261.85,333.41,-37,18544,221.00,273.00,1093568.00,29279.59,2372.11,-37,39632,187.00,128.00
1766.00,[17:48:33.8828507],10267.00,12032.00,572896.00,15206.18,319.15,-37,18752,221.00,273.00,1094624.00,29259.25,2394.76,-37,40896,187.00,128.00
1767.00,[17:48:33.9159520],5813.00,11206.00,568720.00,15213.71,350.98,-37,18416,221.00,273.00,1090432.00,29168.27,2272.35,-37,40480,187.00,128.00
1768.00,[17:48:33.9490534],6820.00,10886.00,569200.00,15199.46,346.50,-37,18288,221.00,273.00,1089888.00,29162.22,2402.09,-37,40288,187.00,128.00
1769.00,[17:48:33.9821548],7241.00,8808.00,571392.00,15247.32,315.79,-37,17984,221.00,273.00,1089760.00,29214.92,2274.30,-37,38816,187.00,128.00
1770.00,[17:48:34.0152570],8332.00,4487.00,572080.00,15236.44,322.41,-37,17344,221.00,273.00,1086464.00,29242.62,2363.66,-37,38640,187.00,128.00
1771.00,[17:48:34.0483584],8583.00,10925.00,572448.00,15239.59,347.90,-37,18096,221.00,273.00,1089984.00,29163.76,2178.59,-37,38960,187.00,128.00
1772.00,[17:48:34.0814598],8307.00,15941.00,572304.00,15243.16,348.93,-37,18144,221.00,273.00,1093600.00,29125.93,2224.34,-37,39984,187.00,128.00
1773.00,[17:48:34.1145611],6441.00,12190.00,568000.00,15177.28,330.09,-37,18192,221.00,273.00,1091760.00,29177.57,2218.07,-37,40160,187.00,128.00
1774.00,[17:48:34.1476625],7477.00,11954.00,570384.00,15213.71,318.49,-37,18528,221.00,273.00,1094160.00,29248.81,2440.31,-37,40592,187.00,128.00
1775.00,[17:48:34.1807639],8197.00,12463.00,570672.00,15202.02,324.38,-37,18352,221.00,273.00,1091232.00,29155.93,2398.58,-37,39744,187.00,128.00
1776.00,[17:48:34.2138653],8931.00,7380.00,570784.00,15185.22,307.26,-37,18704,221.00,273.00,1087472.00,29191.66,2443.76,-37,39360,187.00,128.00
1777.00,[17:48:34.2469667],10359.00,8856.00,573296.00,15214.51,321.30,-37,17504,221.00,273.00,1085072.00,29086.92,2356.37,-37,39728,187.00,128.00
1778.00,[17:48:34.2800680],7762.00,8447.00,570624.00,15212.47,354.90,-37,18272,221.00,273.00,1084944.00,29094.51,2284.16,-37,39568,187.00,128.00
1779.00,[17:48:34.3131694],7442.00,9740.00,571344.00,15240.61,326.74,-37,18048,221.00,273.00,1083904.00,29031.46,2316.18,-37,38752,187.00,128.00
1780.00,[17:48:34.3462708],7651.00,7291.00,570432.00,15210.31,321.14,-37,18336,221.00,273.00,1083856.00,29096.34,2274.83,-37,38800,187.00,128.00
1781.00,[17:48:34.3793722],10569.00,3060.00,573104.00,15203.66,272.55,-37,17808,221.00,273.00,1084112.00,29217.61,2488.97,-37,39472,187.00,128.00
1782.00,[17:48:34.4124737],7990.00,2078.00,570320.00,15198.10,305.87,-37,17584,221.00,273.00,1076784.00,29046.10,2309.23,-37,39712,187.00,128.00
1783.00,[17:48:34.4455751],9123.00,7409.00,573344.00,15249.22,333.87,-37,18016,221.00,273.00,1085456.00,29136.41,2246.75,-37,39952,187.00,128.00
1784.00,[17:48:34.4786765],7079.00,6664.00,570016.00,15214.52,346.67,-37,17600,221.00,273.00,1082512.00,29076.97,2108.50,-37,39936,187.00,128.00
1785.00,[17:48:34.5117779],6787.00,10431.00,568784.00,15189.11,363.00,-37,17680,221.00,273.00,1089296.00,29158.51,2234.38,-37,38976,187.00,128.00
1786.00,[17:48:34.5448793],6238.00,8557.00,569200.00,15215.19,311.23,-37,17088,221.00,273.00,1086544.00,29134.78,2310.07,-37,39648,187.00,128.00
1787.00,[17:48:34.5779808],9595.00,2514.00,574192.00,15259.39,338.95,-37,18032,221.00,273.00,1080576.00,29136.81,2402.89,-37,38848,187.00,128.00
1788.00,[17:48:34.6110822],7224.00,2723.00,568736.00,15176.00,309.75,-37,17360,221.00,273.00,1082800.00,29191.26,2467.15,-37,39504,187.00,128.00
1789.00,[17:48:34.6441836],4449.00,6942.00,565600.00,15166.25,369.20,-37,17760,221.00,273.00,1085696.00,29155.53,2341.43,-37,40016,187.00,128.00
1790.00,[17:48:34.6772851],10364.00,21490.00,572448.00,15191.46,318.24,-37,19248,221.00,273.00,1093840.00,28982.43,2184.71,-37,44144,187.00,128.00
1791.00,[17:48:34.7103865],9707.00,11826.00,570160.00,15147.39,311.47,-37,18720,221.00,273.00,1087152.00,29062.86,2420.69,-37,43264,187.00,128.00
1792.00,[17:48:34.7434880],6562.00,13001.00,567344.00,15156.27,285.52,-37,18656,221.00,273.00,1084672.00,28964.07,2204.89,-37,41648,187.00,128.00
1793.00,[17:48:34.7765894],6035.00,8638.00,566624.00,15151.06,331.30,-37,19184,221.00,273.00,1077248.00,28881.36,2177.65,-37,38640,187.00,128.00
1794.00,[17:48:34.8096909],9281.00,589.00,569920.00,15152.40,315.72,-37,19456,221.00,273.00,1078448.00,29131.33,2404.65,-37,37984,187.00,128.00
1795.00,[17:48:34.8427924],5852.00,6461.00,567536.00,15180.64,328.79,-37,17280,221.00,273.00,1080816.00,29036.61,2269.83,-37,37968,187.00,128.00
1796.00,[17:48:34.8758938],8014.00,14545.00,570016.00,15189.24,342.61,-37,18768,221.00,273.00,1083328.00,28886.02,2224.91,-37,39680,187.00,128.00
1797.00,[17:48:34.9089953],8166.00,9907.00,570576.00,15200.27,329.74,-37,19040,221.00,273.00,1080208.00,28927.04,2129.67,-37,38416,187.00,128.00
1798.00,[17:48:34.9420968],10872.00,11900.00,571600.00,15154.82,333.10,-37,18528,221.00,273.00,1087440.00,29068.64,2359.78,-37,42384,187.00,128.00
1799.00,[17:48:34.9751982],9009.00,9259.00,570688.00,15180.50,330.87,-37,18672,221.00,273.00,1080704.00,28957.97,2197.38,-37,37888,187.00,128.00
1800.00,[17:48:35.0083007],7874.00,10893.00,567632.00,15128.61,322.42,-37,17872,221.00,273.00,1084448.00,29014.99,2304.66,-37,40192,187.00,128.00
