FrameNum,timeInfo,signal-target
2801.00,[12:56:56.9572],417856
2802.00,[12:56:56.9773],331218
2803.00,[12:56:56.9973],382878
2804.00,[12:56:57.0174],383219
2805.00,[12:56:57.0374],373990
2806.00,[12:56:57.0574],314459
2807.00,[12:56:57.0775],390642
2808.00,[12:56:57.0975],400372
2809.00,[12:56:57.1176],387607
2810.00,[12:56:57.1376],379521
2811.00,[12:56:57.1576],410461
2812.00,[12:56:57.1777],395406
2813.00,[12:56:57.1977],364562
2814.00,[12:56:57.2178],396841
2815.00,[12:56:57.2378],442588
2816.00,[12:56:57.2578],394157
2817.00,[12:56:57.2779],401084
2818.00,[12:56:57.2979],333487
2819.00,[12:56:57.3179],389579
2820.00,[12:56:57.3380],338722
2821.00,[12:56:57.3580],369523
2822.00,[12:56:57.3781],413082
2823.00,[12:56:57.3981],404353
2824.00,[12:56:57.4181],428390
2825.00,[12:56:57.4382],389619
2826.00,[12:56:57.4582],429356
2827.00,[12:56:57.4783],462426
2828.00,[12:56:57.4983],406572
2829.00,[12:56:57.5183],371382
2830.00,[12:56:57.5384],427428
2831.00,[12:56:57.5584],344384
2832.00,[12:56:57.5784],346556
2833.00,[12:56:57.5985],374096
2834.00,[12:56:57.6185],389037
2835.00,[12:56:57.6386],370256
2836.00,[12:56:57.6586],354116
2837.00,[12:56:57.6786],372688
2838.00,[12:56:57.6987],404882
2839.00,[12:56:57.7187],362728
2840.00,[12:56:57.7388],408575
2841.00,[12:56:57.7588],334885
2842.00,[12:56:57.7788],361665
2843.00,[12:56:57.7989],398818
2844.00,[12:56:57.8189],413712
2845.00,[12:56:57.8390],339913
2846.00,[12:56:57.8590],356824
2847.00,[12:56:57.8790],373811
2848.00,[12:56:57.8991],354666
2849.00,[12:56:57.9191],371941
2850.00,[12:56:57.9391],424388
2851.00,[12:56:57.9592],342797
2852.00,[12:56:57.9792],392577
2853.00,[12:56:57.9993],378112
2854.00,[12:56:58.0193],394067
2855.00,[12:56:58.0393],397626
2856.00,[12:56:58.0594],356329
2857.00,[12:56:58.0794],384380
2858.00,[12:56:58.0995],396076
2859.00,[12:56:58.1195],397431
2860.00,[12:56:58.1395],397693
2861.00,[12:56:58.1596],352366
2862.00,[12:56:58.1796],414628
2863.00,[12:56:58.1996],395776
2864.00,[12:56:58.2197],446051
2865.00,[12:56:58.2397],438854
2866.00,[12:56:58.2598],376634
2867.00,[12:56:58.2798],397692
2868.00,[12:56:58.2998],406970
2869.00,[12:56:58.3199],395348
2870.00,[12:56:58.3399],357543
2871.00,[12:56:58.3600],375205
2872.00,[12:56:58.3800],385321
2873.00,[12:56:58.4000],399275
2874.00,[12:56:58.4201],384932
2875.00,[12:56:58.4401],381832
2876.00,[12:56:58.4602],404744
2877.00,[12:56:58.4802],393543
2878.00,[12:56:58.5002],378617
2879.00,[12:56:58.5203],357455
2880.00,[12:56:58.5403],380616
2881.00,[12:56:58.5603],381887
2882.00,[12:56:58.5804],457589
2883.00,[12:56:58.6004],431056
2884.00,[12:56:58.6205],409111
2885.00,[12:56:58.6405],439078
2886.00,[12:56:58.6605],407441
2887.00,[12:56:58.6806],396746
2888.00,[12:56:58.7006],364328
2889.00,[12:56:58.7207],317401
2890.00,[12:56:58.7407],356008
2891.00,[12:56:58.7607],419232
2892.00,[12:56:58.7808],353878
2893.00,[12:56:58.8008],355728
2894.00,[12:56:58.8208],433835
2895.00,[12:56:58.8409],408804
2896.00,[12:56:58.8609],355687
2897.00,[12:56:58.8810],349039
2898.00,[12:56:58.9010],332299
2899.00,[12:56:58.9210],299192
2900.00,[12:56:58.9411],333532
2901.00,[12:56:58.9611],406371
2902.00,[12:56:58.9812],431467
2903.00,[12:56:59.0012],425877
2904.00,[12:56:59.0212],419686
2905.00,[12:56:59.0413],384084
2906.00,[12:56:59.0613],289806
2907.00,[12:56:59.0814],288559
2908.00,[12:56:59.1014],408472
2909.00,[12:56:59.1214],403266
2910.00,[12:56:59.1415],469276
2911.00,[12:56:59.1615],341299
2912.00,[12:56:59.1815],294062
2913.00,[12:56:59.2016],310659
2914.00,[12:56:59.2216],353060
2915.00,[12:56:59.2417],421472
2916.00,[12:56:59.2617],418594
2917.00,[12:56:59.2817],372104
2918.00,[12:56:59.3018],396996
2919.00,[12:56:59.3218],411862
2920.00,[12:56:59.3419],445983
2921.00,[12:56:59.3619],411253
2922.00,[12:56:59.3819],394639
2923.00,[12:56:59.4020],414073
2924.00,[12:56:59.4220],440922
2925.00,[12:56:59.4420],434456
2926.00,[12:56:59.4621],375045
2927.00,[12:56:59.4821],422830
2928.00,[12:56:59.5022],395098
2929.00,[12:56:59.5222],357386
2930.00,[12:56:59.5422],349839
2931.00,[12:56:59.5623],425187
2932.00,[12:56:59.5823],444466
2933.00,[12:56:59.6024],406963
2934.00,[12:56:59.6224],388257
2935.00,[12:56:59.6424],413426
2936.00,[12:56:59.6625],425542
2937.00,[12:56:59.6825],411445
2938.00,[12:56:59.7025],396460
2939.00,[12:56:59.7226],421442
2940.00,[12:56:59.7426],430110
2941.00,[12:56:59.7627],404538
2942.00,[12:56:59.7827],450090
2943.00,[12:56:59.8027],462110
2944.00,[12:56:59.8228],392089
2945.00,[12:56:59.8428],380184
2946.00,[12:56:59.8629],430489
2947.00,[12:56:59.8829],406169
2948.00,[12:56:59.9029],393619
2949.00,[12:56:59.9230],384122
2950.00,[12:56:59.9430],425697
2951.00,[12:56:59.9631],457448
2952.00,[12:56:59.9831],459149
2953.00,[12:57:00.0031],432010
2954.00,[12:57:00.0232],372601
2955.00,[12:57:00.0432],388919
2956.00,[12:57:00.0632],349250
2957.00,[12:57:00.0833],372148
2958.00,[12:57:00.1033],388154
2959.00,[12:57:00.1234],415236
2960.00,[12:57:00.1434],409968
2961.00,[12:57:00.1634],373398
2962.00,[12:57:00.1835],379380
2963.00,[12:57:00.2035],351672
2964.00,[12:57:00.2236],386609
2965.00,[12:57:00.2436],368040
2966.00,[12:57:00.2636],404523
2967.00,[12:57:00.2837],375233
2968.00,[12:57:00.3037],395872
2969.00,[12:57:00.3237],424873
2970.00,[12:57:00.3438],383747
2971.00,[12:57:00.3638],431311
2972.00,[12:57:00.3839],446855
2973.00,[12:57:00.4039],380671
2974.00,[12:57:00.4239],356953
2975.00,[12:57:00.4440],409038
2976.00,[12:57:00.4640],408918
2977.00,[12:57:00.4841],328150
2978.00,[12:57:00.5041],331130
2979.00,[12:57:00.5241],369717
2980.00,[12:57:00.5442],380963
2981.00,[12:57:00.5642],463044
2982.00,[12:57:00.5843],364293
2983.00,[12:57:00.6043],367602
2984.00,[12:57:00.6243],408565
2985.00,[12:57:00.6444],425954
2986.00,[12:57:00.6644],392445
2987.00,[12:57:00.6844],456230
2988.00,[12:57:00.7045],425771
2989.00,[12:57:00.7245],412821
2990.00,[12:57:00.7446],396508
2991.00,[12:57:00.7646],395055
2992.00,[12:57:00.7846],419533
2993.00,[12:57:00.8047],382444
2994.00,[12:57:00.8247],396457
2995.00,[12:57:00.8448],507341
2996.00,[12:57:00.8648],379577
2997.00,[12:57:00.8848],350885
2998.00,[12:57:00.9049],332061
2999.00,[12:57:00.9249],311240
3000.00,[12:57:00.9449],327802
3001.00,[12:57:00.9650],359456
3002.00,[12:57:00.9850],379836
3003.00,[12:57:01.0051],426643
3004.00,[12:57:01.0251],387496
3005.00,[12:57:01.0451],424683
3006.00,[12:57:01.0652],456853
3007.00,[12:57:01.0852],358592
3008.00,[12:57:01.1053],425823
3009.00,[12:57:01.1253],414972
3010.00,[12:57:01.1453],407179
3011.00,[12:57:01.1654],445173
3012.00,[12:57:01.1854],393741
3013.00,[12:57:01.2055],438168
3014.00,[12:57:01.2255],434454
3015.00,[12:57:01.2455],436572
3016.00,[12:57:01.2656],438874
3017.00,[12:57:01.2856],380013
3018.00,[12:57:01.3056],338369
3019.00,[12:57:01.3257],376083
3020.00,[12:57:01.3457],369201
3021.00,[12:57:01.3658],405760
3022.00,[12:57:01.3858],438903
3023.00,[12:57:01.4058],382268
3024.00,[12:57:01.4259],375274
3025.00,[12:57:01.4459],391866
3026.00,[12:57:01.4660],369579
3027.00,[12:57:01.4860],427546
3028.00,[12:57:01.5060],406902
3029.00,[12:57:01.5261],460417
3030.00,[12:57:01.5461],329774
3031.00,[12:57:01.5661],284419
3032.00,[12:57:01.5862],354173
3033.00,[12:57:01.6062],339744
3034.00,[12:57:01.6263],382690
3035.00,[12:57:01.6463],401378
3036.00,[12:57:01.6663],367730
3037.00,[12:57:01.6864],353169
3038.00,[12:57:01.7064],384486
3039.00,[12:57:01.7265],349320
3040.00,[12:57:01.7465],340665
3041.00,[12:57:01.7665],355178
3042.00,[12:57:01.7866],258071
3043.00,[12:57:01.8066],275264
3044.00,[12:57:01.8267],346893
3045.00,[12:57:01.8467],348111
3046.00,[12:57:01.8667],331741
3047.00,[12:57:01.8868],419002
3048.00,[12:57:01.9068],363022
3049.00,[12:57:01.9268],407854
3050.00,[12:57:01.9469],351114
3051.00,[12:57:01.9669],330597
3052.00,[12:57:01.9870],390619
3053.00,[12:57:02.0070],425945
3054.00,[12:57:02.0270],370032
3055.00,[12:57:02.0471],417128
3056.00,[12:57:02.0671],306026
3057.00,[12:57:02.0872],341937
3058.00,[12:57:02.1072],411983
3059.00,[12:57:02.1272],340583
3060.00,[12:57:02.1473],376891
3061.00,[12:57:02.1673],334065
3062.00,[12:57:02.1873],384973
3063.00,[12:57:02.2074],434147
3064.00,[12:57:02.2274],398539
3065.00,[12:57:02.2475],365972
3066.00,[12:57:02.2675],369295
3067.00,[12:57:02.2875],407704
3068.00,[12:57:02.3076],365498
3069.00,[12:57:02.3276],395856
3070.00,[12:57:02.3477],391902
3071.00,[12:57:02.3677],429446
3072.00,[12:57:02.3877],336495
3073.00,[12:57:02.4078],304544
3074.00,[12:57:02.4278],293365
3075.00,[12:57:02.4479],324970
3076.00,[12:57:02.4679],321575
3077.00,[12:57:02.4879],406082
3078.00,[12:57:02.5080],363781
3079.00,[12:57:02.5280],400089
3080.00,[12:57:02.5480],311165
3081.00,[12:57:02.5681],434107
3082.00,[12:57:02.5881],417974
3083.00,[12:57:02.6082],323848
3084.00,[12:57:02.6282],394522
3085.00,[12:57:02.6482],346581
3086.00,[12:57:02.6683],368685
3087.00,[12:57:02.6883],408084
3088.00,[12:57:02.7084],391242
3089.00,[12:57:02.7284],424873
3090.00,[12:57:02.7484],359172
3091.00,[12:57:02.7685],395915
3092.00,[12:57:02.7885],412800
3093.00,[12:57:02.8085],378184
3094.00,[12:57:02.8286],346582
3095.00,[12:57:02.8486],327477
3096.00,[12:57:02.8687],331732
3097.00,[12:57:02.8887],348926
3098.00,[12:57:02.9087],410603
3099.00,[12:57:02.9288],385404
3100.00,[12:57:02.9488],384792
3101.00,[12:57:02.9689],391027
3102.00,[12:57:02.9889],402737
3103.00,[12:57:03.0089],385842
3104.00,[12:57:03.0290],374638
3105.00,[12:57:03.0490],385795
3106.00,[12:57:03.0691],389471
3107.00,[12:57:03.0891],371985
3108.00,[12:57:03.1091],391503
3109.00,[12:57:03.1292],339286
3110.00,[12:57:03.1492],352351
3111.00,[12:57:03.1692],411195
3112.00,[12:57:03.1893],430162
3113.00,[12:57:03.2093],369131
3114.00,[12:57:03.2294],388722
3115.00,[12:57:03.2494],386894
3116.00,[12:57:03.2694],346809
3117.00,[12:57:03.2895],364109
3118.00,[12:57:03.3095],390473
3119.00,[12:57:03.3296],394811
3120.00,[12:57:03.3496],418328
3121.00,[12:57:03.3696],420024
3122.00,[12:57:03.3897],456744
3123.00,[12:57:03.4097],365530
3124.00,[12:57:03.4297],400268
3125.00,[12:57:03.4498],363317
3126.00,[12:57:03.4698],368797
3127.00,[12:57:03.4899],444570
3128.00,[12:57:03.5099],366503
3129.00,[12:57:03.5299],382481
3130.00,[12:57:03.5500],393546
3131.00,[12:57:03.5700],352935
3132.00,[12:57:03.5901],441081
3133.00,[12:57:03.6101],447807
3134.00,[12:57:03.6301],410406
3135.00,[12:57:03.6502],405214
3136.00,[12:57:03.6702],402602
3137.00,[12:57:03.6903],366767
3138.00,[12:57:03.7103],433170
3139.00,[12:57:03.7303],448753
3140.00,[12:57:03.7504],378701
3141.00,[12:57:03.7704],356555
3142.00,[12:57:03.7904],320381
3143.00,[12:57:03.8105],335945
3144.00,[12:57:03.8305],295548
3145.00,[12:57:03.8506],352465
3146.00,[12:57:03.8706],378673
3147.00,[12:57:03.8906],478489
3148.00,[12:57:03.9107],464803
3149.00,[12:57:03.9307],439245
3150.00,[12:57:03.9508],415651
3151.00,[12:57:03.9708],364383
3152.00,[12:57:03.9908],405302
3153.00,[12:57:04.0109],416207
3154.00,[12:57:04.0309],402851
3155.00,[12:57:04.0509],434117
3156.00,[12:57:04.0710],420174
3157.00,[12:57:04.0910],384704
3158.00,[12:57:04.1111],382275
3159.00,[12:57:04.1311],389821
3160.00,[12:57:04.1511],361339
3161.00,[12:57:04.1712],346277
3162.00,[12:57:04.1912],387277
3163.00,[12:57:04.2113],398798
3164.00,[12:57:04.2313],367761
3165.00,[12:57:04.2513],366093
3166.00,[12:57:04.2714],337079
3167.00,[12:57:04.2914],378231
3168.00,[12:57:04.3115],347705
3169.00,[12:57:04.3315],294600
3170.00,[12:57:04.3515],418038
3171.00,[12:57:04.3716],385333
3172.00,[12:57:04.3916],370497
3173.00,[12:57:04.4116],351883
3174.00,[12:57:04.4317],476914
3175.00,[12:57:04.4517],407008
3176.00,[12:57:04.4718],329853
3177.00,[12:57:04.4918],388466
3178.00,[12:57:04.5118],414838
3179.00,[12:57:04.5319],390575
3180.00,[12:57:04.5519],378793
3181.00,[12:57:04.5720],414885
3182.00,[12:57:04.5920],399749
3183.00,[12:57:04.6120],346245
3184.00,[12:57:04.6321],300160
3185.00,[12:57:04.6521],369269
3186.00,[12:57:04.6721],440052
3187.00,[12:57:04.6922],426795
3188.00,[12:57:04.7122],396561
3189.00,[12:57:04.7323],387233
3190.00,[12:57:04.7523],481250
3191.00,[12:57:04.7723],423292
3192.00,[12:57:04.7924],386622
3193.00,[12:57:04.8124],436471
3194.00,[12:57:04.8325],495630
3195.00,[12:57:04.8525],469892
3196.00,[12:57:04.8725],452295
3197.00,[12:57:04.8926],418252
3198.00,[12:57:04.9126],351853
3199.00,[12:57:04.9327],379027
3200.00,[12:57:04.9527],415315
3201.00,[12:57:04.9727],426253
3202.00,[12:57:04.9928],403689
3203.00,[12:57:05.0128],486798
3204.00,[12:57:05.0328],401906
3205.00,[12:57:05.0529],396086
3206.00,[12:57:05.0729],340312
3207.00,[12:57:05.0930],341546
3208.00,[12:57:05.1130],342114
3209.00,[12:57:05.1330],342372
3210.00,[12:57:05.1531],359919
3211.00,[12:57:05.1731],356537
3212.00,[12:57:05.1932],411198
3213.00,[12:57:05.2132],372758
3214.00,[12:57:05.2332],398332
3215.00,[12:57:05.2533],438990
3216.00,[12:57:05.2733],448168
3217.00,[12:57:05.2933],381767
3218.00,[12:57:05.3134],378072
3219.00,[12:57:05.3334],394019
3220.00,[12:57:05.3535],349027
3221.00,[12:57:05.3735],392135
3222.00,[12:57:05.3935],395568
3223.00,[12:57:05.4136],457820
3224.00,[12:57:05.4336],415459
3225.00,[12:57:05.4537],423219
3226.00,[12:57:05.4737],399854
3227.00,[12:57:05.4937],335961
3228.00,[12:57:05.5138],357914
3229.00,[12:57:05.5338],416459
3230.00,[12:57:05.5539],374089
3231.00,[12:57:05.5739],386467
3232.00,[12:57:05.5939],378163
3233.00,[12:57:05.6140],393091
3234.00,[12:57:05.6340],384630
3235.00,[12:57:05.6540],448998
3236.00,[12:57:05.6741],440060
3237.00,[12:57:05.6941],465155
3238.00,[12:57:05.7142],449354
3239.00,[12:57:05.7342],338940
3240.00,[12:57:05.7542],386710
3241.00,[12:57:05.7743],398975
3242.00,[12:57:05.7943],383377
3243.00,[12:57:05.8144],376734
3244.00,[12:57:05.8344],368049
3245.00,[12:57:05.8544],380308
3246.00,[12:57:05.8745],429664
3247.00,[12:57:05.8945],435790
3248.00,[12:57:05.9145],475608
3249.00,[12:57:05.9346],458052
3250.00,[12:57:05.9546],392166
3251.00,[12:57:05.9747],384203
3252.00,[12:57:05.9947],425733
3253.00,[12:57:06.0147],395649
3254.00,[12:57:06.0348],447023
3255.00,[12:57:06.0548],419333
3256.00,[12:57:06.0749],420621
3257.00,[12:57:06.0949],341452
3258.00,[12:57:06.1149],414529
3259.00,[12:57:06.1350],472229
3260.00,[12:57:06.1550],477028
3261.00,[12:57:06.1750],380001
3262.00,[12:57:06.1951],392807
3263.00,[12:57:06.2151],455687
3264.00,[12:57:06.2352],474257
3265.00,[12:57:06.2552],419312
3266.00,[12:57:06.2752],398074
3267.00,[12:57:06.2953],360574
3268.00,[12:57:06.3153],448518
3269.00,[12:57:06.3354],467714
3270.00,[12:57:06.3554],380264
3271.00,[12:57:06.3754],363342
3272.00,[12:57:06.3955],442262
3273.00,[12:57:06.4155],397889
3274.00,[12:57:06.4356],381239
3275.00,[12:57:06.4556],379030
3276.00,[12:57:06.4756],368026
3277.00,[12:57:06.4957],402096
3278.00,[12:57:06.5157],378289
3279.00,[12:57:06.5357],337399
3280.00,[12:57:06.5558],329214
3281.00,[12:57:06.5758],417426
3282.00,[12:57:06.5959],491531
3283.00,[12:57:06.6159],477013
3284.00,[12:57:06.6359],397860
3285.00,[12:57:06.6560],385872
3286.00,[12:57:06.6760],451889
3287.00,[12:57:06.6961],409033
3288.00,[12:57:06.7161],437654
3289.00,[12:57:06.7361],403643
3290.00,[12:57:06.7562],502411
3291.00,[12:57:06.7762],366829
3292.00,[12:57:06.7962],310101
3293.00,[12:57:06.8163],375234
3294.00,[12:57:06.8363],411050
3295.00,[12:57:06.8564],352527
3296.00,[12:57:06.8764],369767
3297.00,[12:57:06.8964],424772
3298.00,[12:57:06.9165],409927
3299.00,[12:57:06.9365],374330
3300.00,[12:57:06.9566],370659
3301.00,[12:57:06.9766],435359
3302.00,[12:57:06.9966],451798
3303.00,[12:57:07.0167],370053
3304.00,[12:57:07.0367],377719
3305.00,[12:57:07.0568],358469
3306.00,[12:57:07.0768],397082
3307.00,[12:57:07.0968],335935
3308.00,[12:57:07.1169],351519
3309.00,[12:57:07.1369],359020
3310.00,[12:57:07.1569],407691
3311.00,[12:57:07.1770],401310
3312.00,[12:57:07.1970],374566
3313.00,[12:57:07.2171],461951
3314.00,[12:57:07.2371],451978
3315.00,[12:57:07.2571],364645
3316.00,[12:57:07.2772],442919
3317.00,[12:57:07.2972],384640
3318.00,[12:57:07.3173],444719
3319.00,[12:57:07.3373],432801
3320.00,[12:57:07.3573],423011
3321.00,[12:57:07.3774],404035
3322.00,[12:57:07.3974],384779
3323.00,[12:57:07.4174],443428
3324.00,[12:57:07.4375],349499
3325.00,[12:57:07.4575],378422
3326.00,[12:57:07.4776],343284
3327.00,[12:57:07.4976],387620
3328.00,[12:57:07.5176],363607
3329.00,[12:57:07.5377],375737
3330.00,[12:57:07.5577],392533
3331.00,[12:57:07.5778],407929
3332.00,[12:57:07.5978],381574
3333.00,[12:57:07.6178],394312
3334.00,[12:57:07.6379],424243
3335.00,[12:57:07.6579],453839
3336.00,[12:57:07.6780],369729
3337.00,[12:57:07.6980],376566
3338.00,[12:57:07.7180],388608
3339.00,[12:57:07.7381],428362
3340.00,[12:57:07.7581],407285
3341.00,[12:57:07.7781],360397
3342.00,[12:57:07.7982],495910
3343.00,[12:57:07.8182],414813
3344.00,[12:57:07.8383],320282
3345.00,[12:57:07.8583],390254
3346.00,[12:57:07.8783],405201
3347.00,[12:57:07.8984],492205
3348.00,[12:57:07.9184],327597
3349.00,[12:57:07.9385],425180
3350.00,[12:57:07.9585],419128
3351.00,[12:57:07.9785],420265
3352.00,[12:57:07.9986],466441
3353.00,[12:57:08.0186],440496
3354.00,[12:57:08.0386],403854
3355.00,[12:57:08.0587],460248
3356.00,[12:57:08.0787],372524
3357.00,[12:57:08.0988],362846
3358.00,[12:57:08.1188],401150
3359.00,[12:57:08.1388],337210
3360.00,[12:57:08.1589],342387
3361.00,[12:57:08.1789],378241
3362.00,[12:57:08.1990],373218
3363.00,[12:57:08.2190],436837
3364.00,[12:57:08.2390],378531
3365.00,[12:57:08.2591],458439
3366.00,[12:57:08.2791],450489
3367.00,[12:57:08.2992],358346
3368.00,[12:57:08.3192],387374
3369.00,[12:57:08.3392],383499
3370.00,[12:57:08.3593],376598
3371.00,[12:57:08.3793],331588
3372.00,[12:57:08.3993],404371
3373.00,[12:57:08.4194],425274
3374.00,[12:57:08.4394],417395
3375.00,[12:57:08.4595],399669
3376.00,[12:57:08.4795],465755
3377.00,[12:57:08.4995],431400
3378.00,[12:57:08.5196],433102
3379.00,[12:57:08.5396],426198
3380.00,[12:57:08.5597],359893
3381.00,[12:57:08.5797],357647
3382.00,[12:57:08.5997],378286
3383.00,[12:57:08.6198],425312
3384.00,[12:57:08.6398],380384
3385.00,[12:57:08.6598],355140
3386.00,[12:57:08.6799],368561
3387.00,[12:57:08.6999],436621
3388.00,[12:57:08.7200],407905
3389.00,[12:57:08.7400],363839
3390.00,[12:57:08.7600],439761
3391.00,[12:57:08.7801],380960
3392.00,[12:57:08.8001],401564
3393.00,[12:57:08.8202],383730
3394.00,[12:57:08.8402],374093
3395.00,[12:57:08.8602],438317
3396.00,[12:57:08.8803],415647
3397.00,[12:57:08.9003],420246
3398.00,[12:57:08.9204],454584
3399.00,[12:57:08.9404],501569
3400.00,[12:57:08.9604],414419
3401.00,[12:57:08.9805],393344
3402.00,[12:57:09.0005],356639
3403.00,[12:57:09.0205],440918
3404.00,[12:57:09.0406],440608
3405.00,[12:57:09.0606],500902
3406.00,[12:57:09.0807],441138
3407.00,[12:57:09.1007],298337
3408.00,[12:57:09.1207],394751
3409.00,[12:57:09.1408],443134
3410.00,[12:57:09.1608],377004
3411.00,[12:57:09.1809],428038
3412.00,[12:57:09.2009],384808
3413.00,[12:57:09.2209],358396
3414.00,[12:57:09.2410],373787
3415.00,[12:57:09.2610],425333
3416.00,[12:57:09.2810],412601
3417.00,[12:57:09.3011],352242
3418.00,[12:57:09.3211],443744
3419.00,[12:57:09.3412],382267
3420.00,[12:57:09.3612],395225
3421.00,[12:57:09.3812],395167
3422.00,[12:57:09.4013],427776
3423.00,[12:57:09.4213],445143
3424.00,[12:57:09.4414],452445
3425.00,[12:57:09.4614],476289
3426.00,[12:57:09.4814],364801
3427.00,[12:57:09.5015],367901
3428.00,[12:57:09.5215],403952
3429.00,[12:57:09.5416],445486
3430.00,[12:57:09.5616],396089
3431.00,[12:57:09.5816],417325
3432.00,[12:57:09.6017],423698
3433.00,[12:57:09.6217],308053
3434.00,[12:57:09.6417],438444
3435.00,[12:57:09.6618],451249
3436.00,[12:57:09.6818],456247
3437.00,[12:57:09.7019],368368
3438.00,[12:57:09.7219],338485
3439.00,[12:57:09.7419],343281
3440.00,[12:57:09.7620],432255
3441.00,[12:57:09.7820],391109
3442.00,[12:57:09.8021],380568
3443.00,[12:57:09.8221],358570
3444.00,[12:57:09.8421],364156
3445.00,[12:57:09.8622],405289
3446.00,[12:57:09.8822],363829
3447.00,[12:57:09.9022],377680
3448.00,[12:57:09.9223],391797
3449.00,[12:57:09.9423],435960
3450.00,[12:57:09.9624],428938
3451.00,[12:57:09.9824],328487
3452.00,[12:57:10.0024],426512
3453.00,[12:57:10.0225],408475
3454.00,[12:57:10.0425],365181
3455.00,[12:57:10.0626],342682
3456.00,[12:57:10.0826],474511
3457.00,[12:57:10.1026],441583
3458.00,[12:57:10.1227],374816
3459.00,[12:57:10.1427],445968
3460.00,[12:57:10.1628],428074
3461.00,[12:57:10.1828],416700
3462.00,[12:57:10.2028],414235
3463.00,[12:57:10.2229],359120
3464.00,[12:57:10.2429],408127
3465.00,[12:57:10.2629],396238
3466.00,[12:57:10.2830],390417
3467.00,[12:57:10.3030],445849
3468.00,[12:57:10.3231],410740
3469.00,[12:57:10.3431],407630
3470.00,[12:57:10.3631],358191
3471.00,[12:57:10.3832],399719
3472.00,[12:57:10.4032],370675
3473.00,[12:57:10.4233],383658
3474.00,[12:57:10.4433],347208
3475.00,[12:57:10.4633],469109
3476.00,[12:57:10.4834],437367
3477.00,[12:57:10.5034],333923
3478.00,[12:57:10.5234],421397
3479.00,[12:57:10.5435],424234
3480.00,[12:57:10.5635],385153
3481.00,[12:57:10.5836],414086
3482.00,[12:57:10.6036],431400
3483.00,[12:57:10.6236],407116
3484.00,[12:57:10.6437],476902
3485.00,[12:57:10.6637],81793.0
3486.00,[12:57:10.6838],13241.0
3487.00,[12:57:10.7038],7739.00
3488.00,[12:57:10.7238],10246.0
3489.00,[12:57:10.7439],14681.0
3490.00,[12:57:10.7639],8279.00
3491.00,[12:57:10.7840],9675.00
3492.00,[12:57:10.8040],-114.000
3493.00,[12:57:10.8240],-1784.00
3494.00,[12:57:10.8441],8649.00
3495.00,[12:57:10.8641],-540.000
3496.00,[12:57:10.8841],-3019.00
3497.00,[12:57:10.9042],-7293.00
3498.00,[12:57:10.9242],13295.0
3499.00,[12:57:10.9443],-4033.00
3500.00,[12:57:10.9643],9588.00
3501.00,[12:57:10.9843],-1131.00
3502.00,[12:57:11.0044],1911.00
3503.00,[12:57:11.0244],7723.00
3504.00,[12:57:11.0445],-1735.00
3505.00,[12:57:11.0645],5316.00
3506.00,[12:57:11.0845],2191.00
3507.00,[12:57:11.1046],-1572.00
3508.00,[12:57:11.1246],4465.00
3509.00,[12:57:11.1446],9637.00
3510.00,[12:57:11.1647],5721.00
3511.00,[12:57:11.1847],3928.00
3512.00,[12:57:11.2048],1877.00
3513.00,[12:57:11.2248],4360.00
3514.00,[12:57:11.2448],10.0000
3515.00,[12:57:11.2649],2433.00
3516.00,[12:57:11.2849],8454.00
3517.00,[12:57:11.3050],4547.00
3518.00,[12:57:11.3250],-1118.00
3519.00,[12:57:11.3450],218.000
3520.00,[12:57:11.3651],1670.00
3521.00,[12:57:11.3851],4699.00
3522.00,[12:57:11.4052],285.000
3523.00,[12:57:11.4252],3345.00
3524.00,[12:57:11.4452],646.000
3525.00,[12:57:11.4653],8799.00
3526.00,[12:57:11.4853],878.000
3527.00,[12:57:11.5053],5504.00
3528.00,[12:57:11.5254],10840.0
3529.00,[12:57:11.5454],-2698.00
3530.00,[12:57:11.5655],-3075.00
3531.00,[12:57:11.5855],3036.00
3532.00,[12:57:11.6055],4138.00
3533.00,[12:57:11.6256],3597.00
3534.00,[12:57:11.6456],-7129.00
3535.00,[12:57:11.6657],8923.00
3536.00,[12:57:11.6857],8365.00
3537.00,[12:57:11.7057],6887.00
3538.00,[12:57:11.7258],-3788.00
3539.00,[12:57:11.7458],7820.00
3540.00,[12:57:11.7658],4771.00
3541.00,[12:57:11.7859],-1471.00
3542.00,[12:57:11.8059],4602.00
3543.00,[12:57:11.8260],9197.00
3544.00,[12:57:11.8460],13832.0
3545.00,[12:57:11.8660],3823.00
3546.00,[12:57:11.8861],659.000
3547.00,[12:57:11.9061],5529.00
3548.00,[12:57:11.9262],3550.00
3549.00,[12:57:11.9462],-2527.00
3550.00,[12:57:11.9662],2002.00
3551.00,[12:57:11.9863],1576.00
3552.00,[12:57:12.0063],-744.000
3553.00,[12:57:12.0264],2064.00
3554.00,[12:57:12.0464],5899.00
3555.00,[12:57:12.0664],3440.00
3556.00,[12:57:12.0865],-352.000
3557.00,[12:57:12.1065],-2198.00
3558.00,[12:57:12.1265],7882.00
3559.00,[12:57:12.1466],6976.00
3560.00,[12:57:12.1666],920.000
3561.00,[12:57:12.1867],6969.00
3562.00,[12:57:12.2067],2876.00
3563.00,[12:57:12.2267],9232.00
3564.00,[12:57:12.2468],-4201.00
3565.00,[12:57:12.2668],8518.00
3566.00,[12:57:12.2869],-2235.00
3567.00,[12:57:12.3069],482.000
3568.00,[12:57:12.3269],-3698.00
3569.00,[12:57:12.3470],-6557.00
3570.00,[12:57:12.3670],8172.00
3571.00,[12:57:12.3870],9912.00
3572.00,[12:57:12.4071],12074.0
3573.00,[12:57:12.4271],5537.00
3574.00,[12:57:12.4472],2282.00
3575.00,[12:57:12.4672],-5686.00
3576.00,[12:57:12.4872],750.000
3577.00,[12:57:12.5073],-265.000
3578.00,[12:57:12.5273],6868.00
3579.00,[12:57:12.5474],8021.00
3580.00,[12:57:12.5674],-1075.00
3581.00,[12:57:12.5874],4869.00
3582.00,[12:57:12.6075],1854.00
3583.00,[12:57:12.6275],5612.00
3584.00,[12:57:12.6475],6382.00
3585.00,[12:57:12.6676],138.000
3586.00,[12:57:12.6876],339.000
3587.00,[12:57:12.7077],-2498.00
3588.00,[12:57:12.7277],-2711.00
3589.00,[12:57:12.7477],10050.0
3590.00,[12:57:12.7678],-362.000
3591.00,[12:57:12.7878],-868.000
3592.00,[12:57:12.8079],2891.00
3593.00,[12:57:12.8279],-2669.00
3594.00,[12:57:12.8479],7700.00
3595.00,[12:57:12.8680],6529.00
3596.00,[12:57:12.8880],9045.00
3597.00,[12:57:12.9081],16221.0
3598.00,[12:57:12.9281],1460.00
3599.00,[12:57:12.9481],2502.00
3600.00,[12:57:12.9682],4048.00
3601.00,[12:57:12.9882],7198.00
3602.00,[12:57:13.0082],2091.00
3603.00,[12:57:13.0283],4474.00
3604.00,[12:57:13.0483],3461.00
3605.00,[12:57:13.0684],6479.00
3606.00,[12:57:13.0884],7789.00
3607.00,[12:57:13.1084],-441.000
3608.00,[12:57:13.1285],758.000
3609.00,[12:57:13.1485],2636.00
3610.00,[12:57:13.1686],-2290.00
3611.00,[12:57:13.1886],5022.00
3612.00,[12:57:13.2086],4887.00
3613.00,[12:57:13.2287],7809.00
3614.00,[12:57:13.2487],5791.00
3615.00,[12:57:13.2687],4125.00
3616.00,[12:57:13.2888],8406.00
3617.00,[12:57:13.3088],5067.00
3618.00,[12:57:13.3289],1132.00
3619.00,[12:57:13.3489],8105.00
3620.00,[12:57:13.3689],1293.00
3621.00,[12:57:13.3890],1911.00
3622.00,[12:57:13.4090],9001.00
3623.00,[12:57:13.4291],2276.00
3624.00,[12:57:13.4491],10239.0
3625.00,[12:57:13.4691],4888.00
3626.00,[12:57:13.4892],8509.00
3627.00,[12:57:13.5092],-1164.00
3628.00,[12:57:13.5293],-298.000
3629.00,[12:57:13.5493],10746.0
3630.00,[12:57:13.5693],5253.00
3631.00,[12:57:13.5894],5275.00
3632.00,[12:57:13.6094],9109.00
3633.00,[12:57:13.6294],10349.0
3634.00,[12:57:13.6495],-1454.00
3635.00,[12:57:13.6695],-3237.00
3636.00,[12:57:13.6896],2305.00
3637.00,[12:57:13.7096],2040.00
3638.00,[12:57:13.7296],1851.00
3639.00,[12:57:13.7497],162.000
3640.00,[12:57:13.7697],10432.0
3641.00,[12:57:13.7898],1862.00
3642.00,[12:57:13.8098],11207.0
3643.00,[12:57:13.8298],2227.00
3644.00,[12:57:13.8499],3836.00
3645.00,[12:57:13.8699],11538.0
3646.00,[12:57:13.8899],3000.00
3647.00,[12:57:13.9100],12674.0
3648.00,[12:57:13.9300],7707.00
3649.00,[12:57:13.9501],8192.00
3650.00,[12:57:13.9701],14576.0
3651.00,[12:57:13.9901],-6794.00
3652.00,[12:57:14.0102],5280.00
3653.00,[12:57:14.0302],9456.00
3654.00,[12:57:14.0503],7402.00
3655.00,[12:57:14.0703],7611.00
3656.00,[12:57:14.0903],209.000
3657.00,[12:57:14.1104],11301.0
3658.00,[12:57:14.1304],14373.0
3659.00,[12:57:14.1505],8057.00
3660.00,[12:57:14.1705],5160.00
3661.00,[12:57:14.1905],3570.00
3662.00,[12:57:14.2106],5248.00
3663.00,[12:57:14.2306],8133.00
3664.00,[12:57:14.2506],8753.00
3665.00,[12:57:14.2707],8390.00
3666.00,[12:57:14.2907],11645.0
3667.00,[12:57:14.3108],7752.00
3668.00,[12:57:14.3308],3489.00
3669.00,[12:57:14.3508],1255.00
3670.00,[12:57:14.3709],-3693.00
3671.00,[12:57:14.3909],1570.00
3672.00,[12:57:14.4110],-4313.00
3673.00,[12:57:14.4310],-1222.00
3674.00,[12:57:14.4510],-2519.00
3675.00,[12:57:14.4711],4809.00
3676.00,[12:57:14.4911],4133.00
3677.00,[12:57:14.5111],1777.00
3678.00,[12:57:14.5312],8647.00
3679.00,[12:57:14.5512],3644.00
3680.00,[12:57:14.5713],2816.00
3681.00,[12:57:14.5913],2844.00
3682.00,[12:57:14.6113],5427.00
3683.00,[12:57:14.6314],14259.0
3684.00,[12:57:14.6514],5698.00
3685.00,[12:57:14.6715],-2897.00
3686.00,[12:57:14.6915],-10.0000
3687.00,[12:57:14.7115],5875.00
3688.00,[12:57:14.7316],-201.000
3689.00,[12:57:14.7516],6350.00
3690.00,[12:57:14.7717],1228.00
3691.00,[12:57:14.7917],9503.00
3692.00,[12:57:14.8117],7787.00
3693.00,[12:57:14.8318],-185.000
3694.00,[12:57:14.8518],4232.00
3695.00,[12:57:14.8718],5447.00
3696.00,[12:57:14.8919],3740.00
3697.00,[12:57:14.9119],4445.00
3698.00,[12:57:14.9320],7012.00
3699.00,[12:57:14.9520],6122.00
3700.00,[12:57:14.9720],5696.00
3701.00,[12:57:14.9921],7084.00
3702.00,[12:57:15.0121],11465.0
3703.00,[12:57:15.0322],5102.00
3704.00,[12:57:15.0522],2880.00
3705.00,[12:57:15.0722],8238.00
3706.00,[12:57:15.0923],2039.00
3707.00,[12:57:15.1123],-804.000
3708.00,[12:57:15.1323],8261.00
3709.00,[12:57:15.1524],4310.00
3710.00,[12:57:15.1724],3956.00
3711.00,[12:57:15.1925],6711.00
3712.00,[12:57:15.2125],5751.00
3713.00,[12:57:15.2325],12494.0
3714.00,[12:57:15.2526],-1558.00
3715.00,[12:57:15.2726],8197.00
3716.00,[12:57:15.2927],4785.00
3717.00,[12:57:15.3127],4687.00
3718.00,[12:57:15.3327],1975.00
3719.00,[12:57:15.3528],13000.0
3720.00,[12:57:15.3728],11576.0
3721.00,[12:57:15.3929],3313.00
3722.00,[12:57:15.4129],-971.000
3723.00,[12:57:15.4329],6168.00
3724.00,[12:57:15.4530],-3724.00
3725.00,[12:57:15.4730],6247.00
3726.00,[12:57:15.4930],7245.00
3727.00,[12:57:15.5131],-1880.00
3728.00,[12:57:15.5331],3081.00
3729.00,[12:57:15.5532],4103.00
3730.00,[12:57:15.5732],6245.00
3731.00,[12:57:15.5932],4852.00
3732.00,[12:57:15.6133],3241.00
3733.00,[12:57:15.6333],3628.00
3734.00,[12:57:15.6534],11652.0
3735.00,[12:57:15.6734],3845.00
3736.00,[12:57:15.6934],3312.00
3737.00,[12:57:15.7135],4546.00
3738.00,[12:57:15.7335],3182.00
3739.00,[12:57:15.7535],809.000
3740.00,[12:57:15.7736],6364.00
3741.00,[12:57:15.7936],1282.00
3742.00,[12:57:15.8137],1026.00
3743.00,[12:57:15.8337],4505.00
3744.00,[12:57:15.8537],2146.00
3745.00,[12:57:15.8738],5192.00
3746.00,[12:57:15.8938],12767.0
3747.00,[12:57:15.9139],4800.00
3748.00,[12:57:15.9339],1831.00
3749.00,[12:57:15.9539],9359.00
3750.00,[12:57:15.9740],7596.00
3751.00,[12:57:15.9940],8531.00
3752.00,[12:57:16.0141],3852.00
3753.00,[12:57:16.0341],7575.00
3754.00,[12:57:16.0541],8487.00
3755.00,[12:57:16.0742],3564.00
3756.00,[12:57:16.0942],-5893.00
3757.00,[12:57:16.1142],3332.00
3758.00,[12:57:16.1343],9237.00
3759.00,[12:57:16.1543],4443.00
3760.00,[12:57:16.1744],3939.00
3761.00,[12:57:16.1944],-130.000
3762.00,[12:57:16.2144],4543.00
3763.00,[12:57:16.2345],3432.00
3764.00,[12:57:16.2545],6798.00
3765.00,[12:57:16.2746],-3108.00
3766.00,[12:57:16.2946],5998.00
3767.00,[12:57:16.3146],-860.000
3768.00,[12:57:16.3347],3830.00
3769.00,[12:57:16.3547],12269.0
3770.00,[12:57:16.3747],1296.00
3771.00,[12:57:16.3948],7049.00
3772.00,[12:57:16.4148],2864.00
3773.00,[12:57:16.4349],4298.00
3774.00,[12:57:16.4549],-2225.00
3775.00,[12:57:16.4749],14083.0
3776.00,[12:57:16.4950],4203.00
3777.00,[12:57:16.5150],-3498.00
3778.00,[12:57:16.5351],7519.00
3779.00,[12:57:16.5551],-667.000
3780.00,[12:57:16.5751],2718.00
3781.00,[12:57:16.5952],6596.00
3782.00,[12:57:16.6152],9970.00
3783.00,[12:57:16.6353],2083.00
3784.00,[12:57:16.6553],6482.00
3785.00,[12:57:16.6753],3482.00
3786.00,[12:57:16.6954],4961.00
3787.00,[12:57:16.7154],3441.00
3788.00,[12:57:16.7354],7769.00
3789.00,[12:57:16.7555],-3150.00
3790.00,[12:57:16.7755],7375.00
3791.00,[12:57:16.7956],-817.000
3792.00,[12:57:16.8156],1965.00
3793.00,[12:57:16.8356],13893.0
3794.00,[12:57:16.8557],6643.00
3795.00,[12:57:16.8757],3149.00
3796.00,[12:57:16.8958],9421.00
3797.00,[12:57:16.9158],8391.00
3798.00,[12:57:16.9358],9964.00
3799.00,[12:57:16.9559],4690.00
3800.00,[12:57:16.9759],4439.00
3801.00,[12:57:16.9959],4805.00
3802.00,[12:57:17.0160],8592.00
3803.00,[12:57:17.0360],5461.00
3804.00,[12:57:17.0561],9052.00
3805.00,[12:57:17.0761],12134.0
3806.00,[12:57:17.0961],7844.00
3807.00,[12:57:17.1162],10129.0
3808.00,[12:57:17.1362],-7597.00
3809.00,[12:57:17.1563],6227.00
3810.00,[12:57:17.1763],1866.00
3811.00,[12:57:17.1963],3550.00
3812.00,[12:57:17.2164],4885.00
3813.00,[12:57:17.2364],9310.00
3814.00,[12:57:17.2565],-1223.00
3815.00,[12:57:17.2765],7189.00
3816.00,[12:57:17.2965],4226.00
3817.00,[12:57:17.3166],-3908.00
3818.00,[12:57:17.3366],6104.00
3819.00,[12:57:17.3566],-5727.00
3820.00,[12:57:17.3767],5971.00
3821.00,[12:57:17.3967],-2187.00
3822.00,[12:57:17.4168],-1160.00
3823.00,[12:57:17.4368],6063.00
3824.00,[12:57:17.4568],9652.00
3825.00,[12:57:17.4769],4039.00
3826.00,[12:57:17.4969],8729.00
3827.00,[12:57:17.5170],7302.00
3828.00,[12:57:17.5370],5700.00
3829.00,[12:57:17.5570],7901.00
3830.00,[12:57:17.5771],9195.00
3831.00,[12:57:17.5971],2753.00
3832.00,[12:57:17.6171],1908.00
3833.00,[12:57:17.6372],-2334.00
3834.00,[12:57:17.6572],2855.00
3835.00,[12:57:17.6773],2230.00
3836.00,[12:57:17.6973],12474.0
3837.00,[12:57:17.7173],8774.00
3838.00,[12:57:17.7374],-2501.00
3839.00,[12:57:17.7574],14450.0
3840.00,[12:57:17.7775],8035.00
3841.00,[12:57:17.7975],3549.00
3842.00,[12:57:17.8175],3067.00
3843.00,[12:57:17.8376],3147.00
3844.00,[12:57:17.8576],6860.00
3845.00,[12:57:17.8777],7131.00
3846.00,[12:57:17.8977],13939.0
3847.00,[12:57:17.9177],-4439.00
3848.00,[12:57:17.9378],4971.00
3849.00,[12:57:17.9578],1021.00
3850.00,[12:57:17.9778],-81.0000
3851.00,[12:57:17.9979],7415.00
3852.00,[12:57:18.0179],6863.00
3853.00,[12:57:18.0380],10028.0
3854.00,[12:57:18.0580],711.000
3855.00,[12:57:18.0780],7472.00
3856.00,[12:57:18.0981],-2359.00
3857.00,[12:57:18.1181],4507.00
3858.00,[12:57:18.1382],7261.00
3859.00,[12:57:18.1582],-718.000
3860.00,[12:57:18.1782],6351.00
3861.00,[12:57:18.1983],-2592.00
3862.00,[12:57:18.2183],-2074.00
3863.00,[12:57:18.2383],6207.00
3864.00,[12:57:18.2584],7454.00
3865.00,[12:57:18.2784],6403.00
3866.00,[12:57:18.2985],2619.00
3867.00,[12:57:18.3185],677.000
3868.00,[12:57:18.3385],12450.0
3869.00,[12:57:18.3586],-1405.00
3870.00,[12:57:18.3786],-3334.00
3871.00,[12:57:18.3987],11978.0
3872.00,[12:57:18.4187],2922.00
3873.00,[12:57:18.4387],1542.00
3874.00,[12:57:18.4588],4603.00
3875.00,[12:57:18.4788],4155.00
3876.00,[12:57:18.4989],1321.00
3877.00,[12:57:18.5189],4041.00
3878.00,[12:57:18.5389],3561.00
3879.00,[12:57:18.5590],6364.00
3880.00,[12:57:18.5790],1692.00
3881.00,[12:57:18.5990],7321.00
3882.00,[12:57:18.6191],5403.00
3883.00,[12:57:18.6391],8642.00
3884.00,[12:57:18.6592],5624.00
3885.00,[12:57:18.6792],3423.00
3886.00,[12:57:18.6992],2278.00
3887.00,[12:57:18.7193],8838.00
3888.00,[12:57:18.7393],2305.00
3889.00,[12:57:18.7594],-909.000
3890.00,[12:57:18.7794],13189.0
3891.00,[12:57:18.7994],4200.00
3892.00,[12:57:18.8195],6679.00
3893.00,[12:57:18.8395],2056.00
3894.00,[12:57:18.8595],3904.00
3895.00,[12:57:18.8796],6849.00
3896.00,[12:57:18.8996],11477.0
3897.00,[12:57:18.9197],-3452.00
3898.00,[12:57:18.9397],3033.00
3899.00,[12:57:18.9597],6676.00
3900.00,[12:57:18.9798],10002.0
3901.00,[12:57:18.9998],1551.00
3902.00,[12:57:19.0199],5905.00
3903.00,[12:57:19.0399],12572.0
3904.00,[12:57:19.0599],1193.00
3905.00,[12:57:19.0800],8035.00
3906.00,[12:57:19.1000],13031.0
3907.00,[12:57:19.1201],3724.00
3908.00,[12:57:19.1401],265.000
3909.00,[12:57:19.1601],4486.00
3910.00,[12:57:19.1802],3361.00
3911.00,[12:57:19.2002],12208.0
3912.00,[12:57:19.2202],7525.00
3913.00,[12:57:19.2403],-11191.0
3914.00,[12:57:19.2603],2733.00
3915.00,[12:57:19.2804],-3767.00
3916.00,[12:57:19.3004],11126.0
3917.00,[12:57:19.3204],-1263.00
3918.00,[12:57:19.3405],-42.0000
3919.00,[12:57:19.3605],7205.00
3920.00,[12:57:19.3806],1733.00
3921.00,[12:57:19.4006],4197.00
3922.00,[12:57:19.4206],2818.00
3923.00,[12:57:19.4407],7121.00
3924.00,[12:57:19.4607],4997.00
3925.00,[12:57:19.4807],7377.00
3926.00,[12:57:19.5008],8291.00
3927.00,[12:57:19.5208],2416.00
3928.00,[12:57:19.5409],9387.00
3929.00,[12:57:19.5609],10388.0
3930.00,[12:57:19.5809],4278.00
3931.00,[12:57:19.6010],4238.00
3932.00,[12:57:19.6210],4091.00
3933.00,[12:57:19.6411],3273.00
3934.00,[12:57:19.6611],4249.00
3935.00,[12:57:19.6811],6342.00
3936.00,[12:57:19.7012],5830.00
3937.00,[12:57:19.7212],3025.00
3938.00,[12:57:19.7412],8752.00
3939.00,[12:57:19.7613],10289.0
3940.00,[12:57:19.7813],7107.00
3941.00,[12:57:19.8014],-154.000
3942.00,[12:57:19.8214],5026.00
3943.00,[12:57:19.8414],2682.00
3944.00,[12:57:19.8615],-767.000
3945.00,[12:57:19.8815],-2053.00
3946.00,[12:57:19.9016],-247.000
3947.00,[12:57:19.9216],6813.00
3948.00,[12:57:19.9416],8873.00
3949.00,[12:57:19.9617],3888.00
3950.00,[12:57:19.9817],2129.00
3951.00,[12:57:20.0018],12933.0
3952.00,[12:57:20.0218],3322.00
3953.00,[12:57:20.0418],5156.00
3954.00,[12:57:20.0619],3597.00
3955.00,[12:57:20.0819],4790.00
3956.00,[12:57:20.1019],9602.00
3957.00,[12:57:20.1220],4613.00
3958.00,[12:57:20.1420],11911.0
3959.00,[12:57:20.1621],4396.00
3960.00,[12:57:20.1821],7320.00
3961.00,[12:57:20.2021],10614.0
3962.00,[12:57:20.2222],8791.00
3963.00,[12:57:20.2422],8225.00
3964.00,[12:57:20.2623],7036.00
3965.00,[12:57:20.2823],6958.00
3966.00,[12:57:20.3023],7433.00
3967.00,[12:57:20.3224],4924.00
3968.00,[12:57:20.3424],223.000
3969.00,[12:57:20.3624],4604.00
3970.00,[12:57:20.3825],2827.00
3971.00,[12:57:20.4025],-72.0000
3972.00,[12:57:20.4226],-1423.00
3973.00,[12:57:20.4426],10432.0
3974.00,[12:57:20.4626],2907.00
3975.00,[12:57:20.4827],1412.00
3976.00,[12:57:20.5027],5172.00
3977.00,[12:57:20.5228],11747.0
3978.00,[12:57:20.5428],2695.00
3979.00,[12:57:20.5628],11037.0
3980.00,[12:57:20.5829],6882.00
3981.00,[12:57:20.6029],2018.00
3982.00,[12:57:20.6230],-3645.00
3983.00,[12:57:20.6430],7542.00
3984.00,[12:57:20.6630],-7882.00
3985.00,[12:57:20.6831],-162.000
3986.00,[12:57:20.7031],5049.00
3987.00,[12:57:20.7231],8923.00
3988.00,[12:57:20.7432],10291.0
3989.00,[12:57:20.7632],-4023.00
3990.00,[12:57:20.7833],11665.0
3991.00,[12:57:20.8033],11191.0
3992.00,[12:57:20.8233],3513.00
3993.00,[12:57:20.8434],5979.00
3994.00,[12:57:20.8634],6885.00
3995.00,[12:57:20.8835],10103.0
3996.00,[12:57:20.9035],15561.0
3997.00,[12:57:20.9235],-191.000
3998.00,[12:57:20.9436],-2107.00
3999.00,[12:57:20.9636],5244.00
4000.00,[12:57:20.9836],8405.00
